"","z1","z2","z3","z4","z5","m11","m12","m13","m14","m15","m21","m22","m23","m24","m25","a11","a12","a13","a14","a15","a21","a22","a23","a24","a25","a31","a32","a33","a34","a35","obj_cost","","","","","","",""
"1",1,1,1,1,0,0,0,0,0,0,0,0,0,0,0,0,0,0,0,0,0,0,1,0,0,1,1,0,1,0,6398500.795536,96983.65202976,1410000,0,0.001,0.000138383178217064,8.02935158842242e-06,1.3232192789026e-05
"2",1,1,1,1,0,0,0,0,1,0,0,0,0,0,0,0,0,0,0,0,0,0,1,0,0,1,1,0,1,0,6417811.195536,96983.65202976,1410000,24000,0.000991947838799055,0.000138383178217064,7.063092244309e-06,1.30711495650071e-05
"3",1,1,1,1,0,0,0,0,0,0,0,0,0,0,0,0,0,0,0,0,0,1,1,0,0,1,0,0,1,0,6423215.50230816,96984.7753179456,1446000,0,0.001,0.000138386208291466,9.48423257229457e-06,1.09771333135013e-05
"4",1,1,1,1,0,0,0,0,0,0,0,0,0,0,0,0,1,0,0,0,0,0,1,0,0,1,1,0,1,0,6431236.04238144,96967.3370507904,1566000,0,0.001,9.13578164014988e-05,8.03002953615642e-06,1.32310540897931e-05
"5",1,1,1,1,0,0,0,0,0,0,0,0,0,0,0,0,0,0,1,0,0,0,1,0,0,1,1,0,1,0,6435457.6224496,96979.179850336,1462000,0,0.001,0.000132531134806499,8.02603267344031e-06,1.32323418410814e-05
"6",1,1,1,1,0,0,0,0,1,0,0,0,0,0,0,0,0,0,0,0,0,1,1,0,0,1,0,0,1,0,6442525.90230816,96984.7753179456,1446000,24000,0.000991947932060059,0.000138386208291466,8.51798441950166e-06,1.08160919547025e-05
"7",1,1,1,1,0,0,0,0,0,0,0,0,0,0,0,0,0,0,0,0,0,0,1,1,0,1,1,0,1,0,6443283.83494698,96891.8435003535,1478000,0,0.001,0.000138372170857871,5.06489240124911e-06,1.28692872178293e-05
"8",1,1,1,1,0,0,0,1,0,0,0,0,0,0,0,0,0,0,0,0,0,0,1,0,0,1,1,0,1,0,6444391.355536,96983.65202976,1410000,48000,0.000983841161132279,0.000138383178217064,7.64153945559712e-06,1.21010740682856e-05
"9",1,1,1,1,0,0,0,0,1,0,0,0,0,0,0,0,1,0,0,0,0,0,1,0,0,1,1,0,1,0,6450546.44238144,96967.3370507904,1566000,24000,0.000991946484004289,9.13578164014988e-05,7.06360761667115e-06,1.30699837698789e-05
"10",1,1,1,1,0,0,0,0,0,0,0,0,0,0,0,0,0,0,0,0,0,0,1,0,0,1,0,0,1,0,6453698.395536,97225.95602976,1242000,0,0.001,0.000139035172858967,3.22103806880292e-05,1.32490593422122e-05
"11",1,1,1,1,0,0,0,0,1,0,0,0,0,0,0,0,0,0,1,0,0,0,1,0,0,1,1,0,1,0,6454768.0224496,96979.179850336,1462000,24000,0.000991956690443052,0.000132531134806499,7.06083552660653e-06,1.30714756499424e-05
"12",1,1,1,1,0,0,0,0,0,0,0,0,0,0,0,0,1,0,0,0,0,1,1,0,0,1,0,0,1,0,6455950.9829548,96968.4587803013,1602000,0,0.001,9.13568983916047e-05,9.48313618728595e-06,1.09787448236583e-05
"13",1,1,1,1,0,0,1,0,0,0,0,0,0,0,0,0,0,0,0,0,0,0,1,0,0,1,0,0,1,0,6458150.395536,97225.95602976,1242000,72000,0.000975315233729711,0.000139035172858967,2.48049508069426e-05,1.22616686914006e-05
"14",1,1,1,1,0,0,0,0,0,0,0,0,0,0,0,0,0,0,1,0,0,1,1,0,0,1,0,0,1,0,6460172.32922176,96980.3031385216,1498000,0,0.001,0.000132534232802758,9.48098078658188e-06,1.09771783733264e-05
"15",1,1,1,1,0,0,0,1,1,0,0,0,0,0,0,0,0,0,0,0,0,0,1,0,0,1,1,0,1,0,6463701.755536,96983.65202976,1410000,72000,0.000975788999931334,0.000138383178217064,6.6752801114837e-06,1.19400308442667e-05
"16",1,1,1,1,0,0,0,0,0,0,0,0,0,0,0,0,0,0,0,0,0,1,1,1,0,1,0,0,1,0,6467998.54171914,96892.9667885391,1514000,0,0.001,0.000138375203930954,6.52118628876236e-06,1.06120952237794e-05
"17",1,1,1,1,0,0,0,0,0,0,0,0,0,0,0,0,1,0,1,0,0,0,1,0,0,1,1,0,1,0,6468192.86929504,96962.8648713664,1618000,0,0.001,8.55026193937181e-05,8.02671009400214e-06,1.32312031144082e-05
"18",1,1,1,1,0,0,0,1,0,0,0,0,0,0,0,0,0,0,0,0,0,1,1,0,0,1,0,0,1,0,6469106.06230816,96984.7753179456,1446000,48000,0.000983841348285704,0.000138386208291466,9.09642493115145e-06,9.84602769350054e-06
"19",1,1,1,0,0,0,0,0,0,0,0,0,0,0,0,0,0,0,0,0,0,0,1,0,0,1,1,0,0,0,6471044.795536,93079.01202976,1354000,0,0.001,0.000137895855607838,5.01020187372699e-06,1.33677824238591e-05
"20",1,1,1,1,0,0,0,0,1,0,0,0,0,0,0,0,0,0,0,0,0,0,1,0,0,1,0,0,1,0,6473008.795536,97225.95602976,1242000,24000,0.000991967906185865,0.000139035172858967,3.1246529430333e-05,1.30884174659295e-05
"21",1,1,1,1,0,0,0,0,1,0,0,0,0,0,0,0,0,0,0,0,0,0,1,1,0,1,1,0,1,0,6474140.82694698,96891.8435003535,1478000,24000,0.000992129716325235,0.000138372170857871,4.98933767797137e-06,1.28582688206846e-05
"22",1,1,1,1,0,0,0,0,1,0,0,0,0,0,0,0,1,0,0,0,0,1,1,0,0,1,0,0,1,0,6475261.3829548,96968.4587803013,1602000,24000,0.000991946577167228,9.13568983916047e-05,8.51672544735329e-06,1.08176763670029e-05
"23",1,1,1,1,0,0,0,0,0,0,0,0,0,0,0,0,1,0,0,0,0,0,1,1,0,1,1,0,1,0,6476019.08179242,96875.5285213839,1634000,0,0.001,9.13022414516685e-05,5.06507174166043e-06,1.28680863218873e-05
"24",1,1,1,1,0,0,0,1,0,0,0,0,0,0,0,0,1,0,0,0,0,0,1,0,0,1,1,0,1,0,6477126.60238144,96967.3370507904,1566000,48000,0.000983838442370227,9.13578164014988e-05,7.64215215304187e-06,1.2099745055709e-05
"25",1,1,1,1,0,0,1,0,1,0,0,0,0,0,0,0,0,0,0,0,0,0,1,0,0,1,0,0,1,0,6477460.795536,97225.95602976,1242000,96000,0.000967283139915576,0.000139035172858967,2.38410995492464e-05,1.21010268151179e-05
"26",1,1,1,1,0,0,0,0,1,0,0,0,0,0,0,0,0,0,1,0,0,1,1,0,0,1,0,0,1,0,6479482.72922176,96980.3031385216,1498000,24000,0.000991956783605831,0.000132534232802758,8.51579481928165e-06,1.0816314045443e-05
"27",1,1,1,1,0,0,0,0,0,0,0,0,0,0,0,0,0,0,1,0,0,0,1,1,0,1,1,0,1,0,6480224.88892571,96887.4764738286,1530000,0,0.001,0.000132652315456333,5.06483222370595e-06,1.28698357262847e-05
"28",1,1,1,1,0,0,1,0,0,0,0,0,0,0,0,0,0,0,0,0,0,0,1,0,0,1,1,0,1,0,6480815.755536,96983.65202976,1410000,72000,0.000975753241388782,0.000138383178217064,7.88387103675511e-06,1.22623224445773e-05
"29",1,1,1,1,0,0,0,1,0,0,0,0,0,0,0,0,0,0,1,0,0,0,1,0,0,1,1,0,1,0,6481348.1824496,96979.179850336,1462000,48000,0.00098384041597,0.000132531134806499,7.6382026567203e-06,1.21011709589814e-05
"30",1,1,1,1,0,0,0,0,0,0,0,0,0,0,0,0,0,1,0,0,0,0,1,0,0,1,1,0,1,0,6482838.04507296,96975.057032847,1514000,0,0.001,0.000130557445909108,8.02864514183101e-06,1.3230263486363e-05
"31",1,1,1,1,0,0,0,0,0,0,0,0,0,0,0,0,1,0,0,0,0,0,1,0,0,1,0,0,1,0,6486484.075536,97209.30482976,1398000,0,0.001,9.11602835149899e-05,3.21816396275517e-05,1.32479029584351e-05
"32",1,1,1,1,0,0,0,0,1,0,0,0,0,0,0,0,1,0,1,0,0,0,1,0,0,1,1,0,1,0,6487503.26929504,96962.8648713664,1618000,24000,0.000991955337075178,8.55026193937181e-05,7.06135054302351e-06,1.30703098559118e-05
"33",1,1,1,1,0,0,0,1,1,0,0,0,0,0,0,0,0,0,0,0,0,1,1,0,0,1,0,0,1,0,6488416.46230816,96984.7753179456,1446000,72000,0.000975789280345762,0.000138386208291466,8.13017677835854e-06,9.68498633470172e-06
"34",1,1,1,1,0,0,0,1,0,0,0,0,0,0,0,0,0,0,0,0,0,0,1,1,0,1,1,0,1,0,6489174.39494698,96891.8435003535,1478000,48000,0.000983825850047468,0.000138372170857871,4.67671280238834e-06,1.1737096721152e-05
"35",1,1,1,1,0,0,0,0,0,0,0,0,0,0,0,0,0,0,1,0,0,0,1,0,0,1,0,0,1,0,6490655.2224496,97221.483850336,1294000,0,0.001,0.000133197744421423,3.22081823698828e-05,1.32492087986467e-05
"36",1,1,1,1,0,0,1,0,0,0,0,0,0,0,0,0,1,0,0,0,0,0,1,0,0,1,0,0,1,0,6490936.075536,97209.30482976,1398000,72000,0.000975345263869573,9.11602835149899e-05,2.47852187884236e-05,1.2261713513218e-05
"37",1,1,1,1,0,0,0,0,0,0,0,0,0,0,0,0,1,0,1,0,0,1,1,0,0,1,0,0,1,0,6492907.8098684,96963.9866008773,1654000,0,0.001,8.55017690774286e-05,9.47988380381407e-06,1.0978789965392e-05
"38",1,1,1,1,0,0,1,0,0,0,0,0,0,0,0,0,0,0,1,0,0,0,1,0,0,1,0,0,1,0,6495107.2224496,97221.483850336,1294000,72000,0.000975314098232705,0.000133197744421423,2.48024118396945e-05,1.22617727279549e-05
"39",1,1,1,0,0,0,0,0,0,0,0,0,0,0,0,0,0,0,0,0,0,1,1,0,0,1,0,0,0,0,6495759.50230816,93080.1353179456,1390000,0,0.001,0.000137899018672522,6.52615042954298e-06,1.10181233035588e-05
"40",1,1,1,1,0,0,0,1,1,0,0,0,0,0,0,0,1,0,0,0,0,0,1,0,0,1,1,0,1,0,6496437.00238144,96967.3370507904,1566000,72000,0.000975784926374516,9.13578164014988e-05,6.6757302335566e-06,1.19386747357948e-05
"41",1,1,1,1,0,0,0,0,0,0,0,0,0,0,0,0,0,0,0,0,0,0,1,1,0,1,0,0,1,0,6498481.43494698,97134.1475003535,1310000,0,0.001,0.000139024809205392,2.92761716766764e-05,1.28870749914849e-05
"42",1,1,1,1,0,0,0,0,1,0,0,0,0,0,0,0,0,0,0,0,0,1,1,1,0,1,0,0,1,0,6498855.53371914,96892.9667885391,1514000,24000,0.000992129807566085,0.000138375203930954,6.44563244139678e-06,1.0601076954372e-05
"43",1,1,1,1,0,0,0,1,0,0,0,0,0,0,0,0,0,0,0,0,0,0,1,0,0,1,0,0,1,0,6499588.955536,97225.95602976,1242000,48000,0.000983881431770418,0.000139035172858967,3.18235350505193e-05,1.21207595661414e-05
"44",1,1,1,1,0,0,1,0,1,0,0,0,0,0,0,0,0,0,0,0,0,0,1,0,0,1,1,0,1,0,6500126.155536,96983.65202976,1410000,96000,0.000967701080187836,0.000138383178217064,6.91761169264169e-06,1.21012792205584e-05
"45",1,1,1,1,0,0,0,1,1,0,0,0,0,0,0,0,0,0,1,0,0,0,1,0,0,1,1,0,1,0,6500658.5824496,96979.179850336,1462000,72000,0.000975797106413052,0.000132531134806499,6.67300550988653e-06,1.19403047678424e-05
"46",1,1,1,1,0,0,0,0,0,0,0,0,0,0,0,0,1,0,0,0,0,1,1,1,0,1,0,0,1,0,6500734.02236578,96876.6502508948,1670000,0,0.001,9.13013232152897e-05,6.51958981096981e-06,1.06136467792689e-05
"47",1,1,1,1,0,0,0,0,1,0,0,0,0,0,0,0,0,0,0,0,0,0,1,1,0,1,1,0,0,0,6501069.2802432,96984.961331712,1422000,24000,0.000991945247493387,0.000138383335044754,1.38297450006287e-05,1.28463265091908e-05
"48",1,1,1,1,0,0,0,1,0,0,0,0,0,0,0,0,1,0,0,0,0,1,1,0,0,1,0,0,1,0,6501841.5429548,96968.4587803013,1602000,48000,0.000983838629326855,9.13568983916047e-05,9.09526329113048e-06,9.84744887653819e-06
"49",1,1,1,1,0,0,0,0,1,0,0,0,0,0,0,0,0,1,0,0,0,0,1,0,0,1,1,0,1,0,6502148.44507296,96975.057032847,1514000,24000,0.000991947125127903,0.000130557445909108,7.06230015717935e-06,1.3069205988921e-05
"50",1,1,1,1,0,0,1,0,0,0,0,0,0,0,0,0,0,0,0,0,0,0,1,1,0,1,0,0,1,0,6502933.43494698,97134.1475003535,1310000,72000,0.000975291902366351,0.000139024809205392,2.18637423865817e-05,1.1898751086139e-05
"51",1,1,1,0,0,0,0,0,0,0,0,0,0,0,0,0,1,0,0,0,0,0,1,0,0,1,1,0,0,0,6503780.04238144,93062.6970507904,1510000,0,0.001,8.88973609986097e-05,5.01037897392768e-06,1.33666197185679e-05
"52",1,1,1,1,0,0,1,1,0,0,0,0,0,0,0,0,0,0,0,0,0,0,1,0,0,1,0,0,1,0,6504040.955536,97225.95602976,1242000,120000,0.000959196665500129,0.000139035172858967,2.44181051694326e-05,1.11333689153299e-05
"53",1,1,1,1,1,0,0,0,0,1,0,0,0,0,0,0,0,0,0,0,0,0,1,0,0,1,1,0,1,0,6504815.795536,97983.65202976,1410000,6000,0.00106327586155002,0.000137991447786304,9.37621553641545e-06,1.31583825907e-05
"54",1,1,1,1,0,0,0,0,0,0,0,0,0,0,0,0,0,0,1,0,0,1,1,1,0,1,0,0,1,0,6504939.59569787,96888.5997620142,1566000,0,0.001,0.00013265541497987,6.52119175095026e-06,1.06125419882374e-05
"55",1,1,1,1,0,0,0,0,1,0,0,0,0,0,0,0,1,0,0,0,0,0,1,0,0,1,0,0,1,0,6505794.475536,97209.30482976,1398000,24000,0.000991966530350488,9.11602835149899e-05,3.12176232696103e-05,1.30872335654449e-05
"56",1,1,1,1,0,0,0,1,0,0,0,0,0,0,0,0,0,0,1,0,0,1,1,0,0,1,0,0,1,0,6506062.88922176,96980.3031385216,1498000,48000,0.000983840603140686,0.000132534232802758,9.09315526195833e-06,9.8460205931744e-06
"57",1,1,1,1,1,0,0,0,0,1,0,0,0,0,0,0,0,0,0,0,0,0,1,0,0,1,1,0,1,1,6506704.575536,97963.46002976,1424000,6000,0.00106201097427709,0.000137999278494953,7.97704881635217e-06,1.31598580598313e-05
"58",1,1,1,1,0,0,0,0,1,0,0,0,0,0,0,0,1,0,0,0,0,0,1,1,0,1,1,0,1,0,6506876.07379242,96875.5285213839,1634000,24000,0.000992128390876852,9.13022414516685e-05,4.98950429407821e-06,1.28570660691149e-05
"59",1,1,1,1,0,0,0,0,0,0,0,0,0,0,0,0,0,1,0,0,0,1,1,0,0,1,0,0,1,0,6507552.75184512,96976.1803210326,1550000,0,0.001,0.000130560566898578,9.48365507995839e-06,1.09750041673096e-05
"60",1,1,1,1,1,0,0,0,0,1,0,0,0,0,0,0,0,0,0,0,0,0,1,0,1,1,1,0,1,0,6509940.92848484,97963.5627434344,1427000,6000,0.00106201740988834,0.000137999238653144,8.06106697586639e-06,1.31040348839026e-05
"61",1,1,1,1,0,0,0,0,1,0,0,0,0,0,0,0,0,0,1,0,0,0,1,0,0,1,0,0,1,0,6509965.6224496,97221.483850336,1294000,24000,0.000991976736692108,0.000133197744421423,3.12453907729358e-05,1.30887435324889e-05
"62",1,1,1,1,0,0,1,0,1,0,0,0,0,0,0,0,1,0,0,0,0,0,1,0,0,1,0,0,1,0,6510246.475536,97209.30482976,1398000,96000,0.000967311794220061,9.11602835149899e-05,2.38212024304822e-05,1.21010441202278e-05
"63",1,1,1,1,0,0,0,0,1,0,0,0,0,0,0,0,0,0,1,0,0,0,1,1,0,1,1,0,1,0,6511081.88092571,96887.4764738286,1530000,24000,0.000992138376222241,0.000132652315456333,4.98936063543946e-06,1.28588294529958e-05
"64",1,1,1,1,0,0,1,0,0,0,0,0,0,0,0,0,0,0,0,0,0,1,1,0,0,1,0,0,1,0,6511566.22230816,96984.7753179456,1446000,72000,0.00097575120579568,0.000138386208291466,8.90226151139088e-06,1.09092366897292e-05
"65",1,1,1,1,0,0,0,0,0,0,0,0,0,0,0,0,0,0,0,0,0,0,1,1,0,1,1,0,0,0,6511739.2002432,96984.961331712,1422000,0,0.001,0.000138383335044754,1.7696026203803e-05,1.28576031627001e-05
"66",1,1,1,1,0,0,0,0,1,0,0,0,0,0,0,0,1,0,1,0,0,1,1,0,0,1,0,0,1,0,6512218.2098684,96963.9866008773,1654000,24000,0.000991955430139996,8.55017690774286e-05,8.51453542061365e-06,1.08178985681919e-05
"67",1,1,1,1,0,0,0,0,0,0,0,0,0,0,0,0,1,0,1,0,0,0,1,1,0,1,1,0,1,0,6512960.13577115,96871.161494859,1686000,0,0.001,8.55793007670981e-05,5.06501156206701e-06,1.28686348685848e-05
"68",1,1,1,1,0,0,1,0,0,0,0,0,0,0,0,0,1,0,0,0,0,0,1,0,0,1,1,0,1,0,6513551.00238144,96967.3370507904,1566000,72000,0.000975782812278571,9.13578164014988e-05,7.88472640982785e-06,1.2262366580936e-05
"69",1,1,1,1,0,0,0,1,0,0,0,0,0,0,0,0,0,0,0,0,0,1,1,1,0,1,0,0,1,0,6513889.10171914,96892.9667885391,1514000,48000,0.000983826037555727,0.000138375203930954,6.13301119009982e-06,9.47991785268034e-06
"70",1,1,1,1,0,0,0,1,0,0,0,0,0,0,0,0,1,0,1,0,0,0,1,0,0,1,1,0,1,0,6514083.42929504,96962.8648713664,1618000,48000,0.00098383769695717,8.55026193937181e-05,7.63881482097422e-06,1.20998419014101e-05
"71",1,1,1,1,0,0,1,0,1,0,0,0,0,0,0,0,0,0,1,0,0,0,1,0,0,1,0,0,1,0,6514417.6224496,97221.483850336,1294000,96000,0.000967290834924814,0.000133197744421423,2.38396202427475e-05,1.21013074617971e-05
"72",1,1,1,1,1,0,0,0,0,1,0,0,0,0,0,0,0,0,0,1,0,0,1,0,0,1,1,0,1,0,6515361.330536,97982.55512976,1423000,6000,0.00106320716184425,0.000137002986853104,9.37475322275167e-06,1.31584627277188e-05
"73",1,1,1,1,0,0,0,0,0,0,0,0,0,0,0,0,1,1,0,0,0,0,1,0,0,1,1,0,1,0,6515573.2919184,96958.7420538774,1670000,0,0.001,8.35265986727707e-05,8.02932303079051e-06,1.32291243615506e-05
"74",1,1,1,0,0,0,0,1,0,0,0,0,0,0,0,0,0,0,0,0,0,0,1,0,0,1,1,0,0,0,6516935.355536,93079.01202976,1354000,48000,0.00098316330210455,0.000137895855607838,4.60612112423619e-06,1.21892135711777e-05
"75",1,1,1,1,1,0,0,0,0,1,0,0,0,0,0,0,0,0,0,1,0,0,1,0,0,1,1,0,1,1,6517246.78824528,97962.3852783648,1437000,6000,0.00106194363401939,0.000137030577242248,7.97710561407533e-06,1.31599366110775e-05
"76",1,1,1,1,0,0,1,0,0,0,0,0,0,0,0,0,0,0,1,0,0,0,1,0,0,1,1,0,1,0,6517772.5824496,96979.179850336,1462000,72000,0.000975752123253372,0.000132531134806499,7.88054541296054e-06,1.22624267712163e-05
"77",1,1,1,1,0,0,0,1,1,0,0,0,0,0,0,0,0,0,0,0,0,0,1,0,0,1,0,0,1,0,6518899.355536,97225.95602976,1242000,72000,0.000975849337956283,0.000139035172858967,3.08596837928231e-05,1.19601176898587e-05
"78",1,1,1,1,0,0,0,0,0,0,0,0,0,0,0,0,0,1,1,0,0,0,1,0,0,1,1,0,1,0,6519794.87198656,96970.584853423,1566000,0,0.001,0.000124704522887739,8.025325900096e-06,1.32304124626522e-05
"79",1,1,1,1,0,0,0,1,1,0,0,0,0,0,0,0,0,0,0,0,0,0,1,1,0,1,1,0,1,0,6520031.38694698,96891.8435003535,1478000,72000,0.000975955566372703,0.000138372170857871,4.6011580791106e-06,1.17260783240074e-05
"80",1,1,1,1,0,0,0,0,0,0,0,0,0,0,0,0,0,0,0,0,0,0,1,0,0,1,1,1,1,0,6520391.30824694,96825.4332516871,1522000,0,0.001,0.000138445898716752,6.77302606450371e-06,1.31966228386258e-05
"81",1,1,1,1,1,0,0,0,0,1,0,0,0,0,0,0,0,0,0,1,0,0,1,0,1,1,1,0,1,0,6520483.15809411,97962.4878793726,1440000,6000,0.00106195006271248,0.000137030436865328,8.06103253486378e-06,1.31041740556769e-05
"82",1,1,1,1,0,0,0,1,1,0,0,0,0,0,0,0,1,0,0,0,0,1,1,0,0,1,0,0,1,0,6521151.9429548,96968.4587803013,1602000,72000,0.000975785206494083,9.13568983916047e-05,8.12885255119782e-06,9.68638041988275e-06
"83",1,1,1,1,0,0,0,1,0,0,0,0,0,0,0,0,1,0,0,0,0,0,1,1,0,1,1,0,1,0,6521909.64179242,96875.5285213839,1634000,48000,0.000983823126130289,9.13022414516685e-05,4.67682676878737e-06,1.17357051510076e-05
"84",1,1,1,1,0,0,1,1,1,0,0,0,0,0,0,0,0,0,0,0,0,0,1,0,0,1,0,0,1,0,6523351.355536,97225.95602976,1242000,144000,0.000951164571685994,0.000139035172858967,2.34542539117364e-05,1.09727270390472e-05
"85",1,1,1,1,0,0,0,0,0,0,0,0,0,0,0,0,1,0,1,0,0,0,1,0,0,1,0,0,1,0,6523440.9024496,97204.832650336,1450000,0,0.001,8.53196525074201e-05,3.21794396105205e-05,1.32480523872689e-05
"86",1,1,1,1,1,0,0,0,1,1,0,0,0,0,0,0,0,0,0,0,0,0,1,0,0,1,1,0,1,0,6524126.195536,97983.65202976,1410000,30000,0.00105530587896799,0.000137991447786304,8.41981762657292e-06,1.29989829390596e-05
"87",1,1,1,1,0,0,0,1,1,0,0,0,0,0,0,0,0,0,1,0,0,1,1,0,0,1,0,0,1,0,6525373.28922176,96980.3031385216,1498000,72000,0.000975797386746517,0.000132534232802758,8.1279692946581e-06,9.68515626529103e-06
"88",1,1,1,1,0,0,1,0,0,0,0,0,0,0,0,0,0,0,0,0,0,0,1,1,0,1,1,0,1,0,6525598.79494698,96891.8435003535,1478000,72000,0.000975730266707214,0.000138372170857871,4.91927400149239e-06,1.18984978861178e-05
"89",1,1,1,1,1,0,0,0,0,1,0,0,0,0,0,0,0,0,0,0,0,0,1,0,1,1,1,0,1,1,6525697.68045442,97943.7763863039,1441000,6000,0.00106077742997262,0.000138006915164449,7.95283719978097e-06,1.31065972809566e-05
"90",1,1,1,1,0,0,0,0,1,0,0,0,0,0,0,0,0,0,0,0,0,1,1,1,0,1,0,0,0,0,6525783.98701536,96986.0846198976,1458000,24000,0.000991945340783144,0.000138386365076434,1.52845391638818e-05,1.05913019458169e-05
"91",1,1,1,1,1,0,0,0,1,1,0,0,0,0,0,0,0,0,0,0,0,0,1,0,0,1,1,0,1,1,6526014.975536,97963.46002976,1424000,30000,0.00105403934894084,0.000137999278494953,7.02045377600211e-06,1.30004255531063e-05
"92",1,1,1,1,0,0,0,1,0,0,0,0,0,0,0,0,0,0,1,0,0,0,1,1,0,1,1,0,1,0,6526115.44892571,96887.4764738286,1530000,48000,0.000983825121027119,0.000132652315456333,4.67663512835682e-06,1.17375941981831e-05
"93",1,1,1,0,0,0,0,0,0,0,0,0,0,0,0,0,0,0,0,0,0,0,1,0,0,1,0,0,0,0,6526242.395536,93321.31602976,1186000,0,0.001,0.0001385763955456,3.02108240262823e-05,1.33850026358743e-05
"94",1,1,1,1,0,0,1,1,0,0,0,0,0,0,0,0,0,0,0,0,0,0,1,0,0,1,1,0,1,0,6526706.315536,96983.65202976,1410000,120000,0.000959594402521061,0.000138383178217064,7.49605890392981e-06,1.11312037238368e-05
"95",1,1,1,1,0,0,0,0,1,0,0,0,0,0,0,0,0,1,0,0,0,1,1,0,0,1,0,0,1,0,6526863.15184512,96976.1803210326,1550000,24000,0.00099194721840544,0.000130560566898578,8.51732128861112e-06,1.08139485354184e-05
"96",1,1,1,1,0,0,0,0,0,0,0,0,0,0,0,0,0,1,0,0,0,0,1,1,0,1,1,0,1,0,6527621.08448394,96883.2485034404,1582000,0,0.001,0.000130539021750891,5.06392229323243e-06,1.2867323891754e-05
"97",1,1,1,1,0,0,1,0,0,0,0,0,0,0,0,0,1,0,1,0,0,0,1,0,0,1,0,0,1,0,6527892.9024496,97204.832650336,1450000,72000,0.000975344129559677,8.53196525074201e-05,2.47826784784235e-05,1.2261817569656e-05
"98",1,1,1,0,0,0,0,0,0,0,0,0,0,0,0,0,1,0,0,0,0,1,1,0,0,1,0,0,0,0,6528494.9829548,93063.8187803013,1546000,0,0.001,8.88964341288522e-05,6.52448941428293e-06,1.10198096138027e-05
"99",1,1,1,1,0,0,0,1,0,0,0,0,0,0,0,0,0,1,0,0,0,0,1,0,0,1,1,0,1,0,6528728.60507296,96975.057032847,1514000,48000,0.000983857455159432,0.000130557445909108,7.64122406565737e-06,1.21002853475232e-05
"100",1,1,1,1,1,0,0,0,1,1,0,0,0,0,0,0,0,0,0,0,0,0,1,0,1,1,1,0,1,0,6529251.32848484,97963.5627434344,1427000,30000,0.00105404579291024,0.000137999238653144,7.10447293849528e-06,1.29446025443407e-05
"101",1,1,1,1,0,0,0,0,1,0,0,0,0,0,0,0,0,0,0,0,0,0,1,1,0,1,0,0,1,0,6529338.42694698,97134.1475003535,1310000,24000,0.000992149348980327,0.000139024809205392,2.92008054268876e-05,1.28760840800574e-05
"102",1,1,1,1,1,0,0,0,0,1,0,0,0,0,0,0,0,0,0,0,0,1,1,0,0,1,0,0,1,0,6529530.50230816,97984.7753179456,1446000,6000,0.00106327513616153,0.000137994451427536,1.08162330489421e-05,1.09263383476778e-05
"103",1,1,1,0,0,0,1,0,0,0,0,0,0,0,0,0,0,0,0,0,0,0,1,0,0,1,0,0,0,0,6530694.395536,93321.31602976,1186000,72000,0.0009742824029696,0.0001385763955456,2.24955449171623e-05,1.23562987546583e-05
"104",1,1,1,1,0,0,1,0,1,0,0,0,0,0,0,0,0,0,0,0,0,1,1,0,0,1,0,0,1,0,6530876.62230816,96984.7753179456,1446000,96000,0.000967699137855739,0.000138386208291466,7.93601335859797e-06,1.07481953309304e-05
"105",1,1,1,1,0,0,0,0,0,0,0,0,0,0,0,0,1,0,0,0,0,0,1,1,0,1,0,0,1,0,6531267.11494698,97117.4963003535,1466000,0,0.001,9.110466029521e-05,2.9246900363901e-05,1.28858554508109e-05
"106",1,1,1,1,1,0,0,0,0,1,0,0,0,0,0,0,0,0,0,0,0,1,1,0,0,1,0,0,1,1,6531419.28230816,97964.5833179456,1460000,6000,0.00106201026324263,0.000138002282665492,9.41737918174894e-06,1.09273537414104e-05
"107",1,1,1,1,0,0,0,0,1,0,0,0,0,0,0,0,1,0,0,0,0,1,1,1,0,1,0,0,1,0,6531591.01436578,96876.6502508948,1670000,24000,0.00099212848202179,9.13013232152897e-05,6.44402323837899e-06,1.06026266540994e-05
"108",1,1,1,1,1,0,0,0,0,0,0,0,0,0,0,0,0,0,0,0,0,0,1,0,0,1,1,0,1,1,6531680.995536,97963.46002976,1424000,0,0.00108001416035753,0.000137999278494953,7.9890509404058e-06,1.31998651400101e-05
"109",1,1,1,1,0,0,0,1,0,0,0,0,0,0,0,0,1,0,0,0,0,0,1,0,0,1,0,0,1,0,6532374.635536,97209.30482976,1398000,48000,0.00098387867078469,9.11602835149899e-05,3.17947277263843e-05,1.21194099133634e-05
"110",1,1,1,1,0,0,1,0,1,0,0,0,0,0,0,0,1,0,0,0,0,0,1,0,0,1,1,0,1,0,6532861.40238144,96967.3370507904,1566000,96000,0.00096772929628286,9.13578164014988e-05,6.91830449034258e-06,1.21012962610217e-05
"111",1,1,1,1,0,0,0,1,1,0,0,0,0,0,0,0,1,0,1,0,0,0,1,0,0,1,1,0,1,0,6533393.82929504,96962.8648713664,1618000,72000,0.000975793034032348,8.55026193937181e-05,6.67345526999559e-06,1.19389486429137e-05
"112",1,1,1,1,0,0,1,0,1,0,0,0,0,0,0,0,0,0,0,0,0,0,1,1,0,1,0,0,1,0,6533790.42694698,97134.1475003535,1310000,96000,0.000967441251346678,0.000139024809205392,2.17883761367929e-05,1.18877601747114e-05
"113",1,1,1,1,0,0,0,0,1,0,0,0,0,0,0,0,1,0,0,0,0,0,1,1,0,1,1,0,0,0,6533804.52708864,96968.6463527424,1578000,24000,0.000991943892280927,9.13586082071839e-05,1.38313988556529e-05,1.28451229033146e-05
"114",1,1,1,1,1,0,0,0,0,1,0,0,0,0,0,0,0,0,0,0,0,1,1,0,1,1,0,0,1,0,6534655.635257,97964.68603162,1463000,6000,0.00106201669878083,0.00013800224282099,9.50139486773682e-06,1.08715335462928e-05
"115",1,1,1,1,1,0,0,0,1,1,0,0,0,0,0,0,0,0,0,1,0,0,1,0,0,1,1,0,1,0,6534671.730536,97982.55512976,1423000,30000,0.00105523709003947,0.000137002986853104,8.41834460617807e-06,1.29990612916232e-05
"116",1,1,1,1,1,0,0,0,0,0,0,0,0,0,0,0,0,0,0,0,0,0,1,0,1,1,1,0,1,0,6534864.48848484,97963.5627434344,1427000,0,0.00108002246437205,0.000137999238653144,8.10908045448961e-06,1.31068356701556e-05
"117",1,1,1,1,0,0,0,0,1,0,0,0,0,0,0,0,1,1,0,0,0,0,1,0,0,1,1,0,1,0,6534883.6919184,96958.7420538774,1670000,24000,0.000991945770092953,8.35265986727707e-05,7.06281544194486e-06,1.30680397634097e-05
"118",1,1,1,1,0,0,0,0,0,0,0,0,0,0,0,0,0,0,1,0,0,0,1,1,0,1,0,0,1,0,6535422.48892571,97129.7804738286,1362000,0,0.001,0.000133319252136717,2.92772002062171e-05,1.28876229313597e-05
"119",1,1,1,1,0,0,1,0,0,0,0,0,0,0,0,0,1,0,0,0,0,0,1,1,0,1,0,0,1,0,6535719.11494698,97117.4963003535,1466000,72000,0.000975321956894483,9.110466029521e-05,2.18434874322459e-05,1.18987337265902e-05
"120",1,1,1,1,0,0,0,0,1,0,0,0,0,0,0,0,0,0,1,0,0,1,1,1,0,1,0,0,1,0,6535796.58769787,96888.5997620142,1566000,24000,0.000992138467366804,0.00013265541497987,6.44572103767158e-06,1.0601535842551e-05
"121",1,1,1,1,1,0,0,0,0,1,0,0,0,0,0,0,0,0,0,1,0,0,1,0,1,1,1,0,1,1,6536236.65451542,97942.7232258972,1454000,6000,0.00106071141602155,0.00013705748395012,7.95292030657094e-06,1.31067336976449e-05
"122",1,1,1,1,1,0,0,0,0,0,0,0,0,0,0,0,0,0,0,0,0,0,1,0,0,1,1,0,1,0,6536280.795536,97983.65202976,1410000,0,0.00108164627296776,0.000137991447786304,9.98856258367366e-06,1.31992057271839e-05
"123",1,1,1,1,0,0,0,0,0,0,0,0,0,0,0,0,0,0,0,0,0,1,1,1,0,1,0,0,0,0,6536453.90701536,96986.0846198976,1458000,0,0.001,0.000138386365076434,1.91507755879725e-05,1.06025784687205e-05
"124",1,1,1,1,0,0,0,1,0,0,0,0,0,0,0,0,0,0,1,0,0,0,1,0,0,1,0,0,1,0,6536545.7824496,97221.483850336,1294000,48000,0.000983880690317744,0.000133197744421423,3.18213189375087e-05,1.21208571208888e-05
"125",1,1,1,1,1,0,0,0,1,1,0,0,0,0,0,0,0,0,0,1,0,0,1,0,0,1,1,0,1,1,6536557.18824528,97962.3852783648,1437000,30000,0.00105397192122595,0.000137030577242248,7.02050007886184e-06,1.30005023552085e-05
"126",1,1,1,1,0,0,1,1,0,0,0,0,0,0,0,0,1,0,0,0,0,0,1,0,0,1,0,0,1,0,6536826.635536,97209.30482976,1398000,120000,0.000959223934654263,9.11602835149899e-05,2.43983068872561e-05,1.11332204681463e-05
"127",1,1,1,1,0,0,1,0,1,0,0,0,0,0,0,0,0,0,1,0,0,0,1,0,0,1,1,0,1,0,6537082.9824496,96979.179850336,1462000,96000,0.000967708813696424,0.000132531134806499,6.91534826612676e-06,1.21015605800773e-05
"128",1,1,1,1,1,0,0,0,0,1,0,0,0,0,0,0,1,0,0,0,0,0,1,0,0,1,1,0,1,0,6537551.04238144,97967.3370507904,1566000,6000,0.00106328639918819,9.14460313500589e-05,9.37711086383837e-06,1.31572432227483e-05
"129",1,1,1,1,0,0,0,0,0,0,0,0,0,0,0,0,1,0,1,0,0,1,1,1,0,1,0,0,1,0,6537675.07634451,96872.28322437,1722000,0,0.001,8.55784487579339e-05,6.51959520210811e-06,1.06140936889215e-05
"130",1,1,1,1,0,0,0,0,1,0,0,0,0,0,0,0,0,0,1,0,0,0,1,1,0,1,1,0,0,0,6538026.33209815,96980.487652679,1474000,24000,0.00099195410186657,0.000132529408279626,1.38200499136487e-05,1.28468997316782e-05
"131",1,1,1,1,0,0,0,0,0,0,0,0,0,0,0,0,0,1,0,0,0,0,1,0,0,1,0,0,1,0,6538035.64507296,97217.361032847,1346000,0,0.001,0.000131229003004804,3.22118138494573e-05,1.32471363393058e-05
"132",1,1,1,1,0,0,0,1,0,0,0,0,0,0,0,0,1,0,1,0,0,1,1,0,0,1,0,0,1,0,6538798.3698684,96963.9866008773,1654000,48000,0.000983837883931045,8.55017690774286e-05,9.09199301815914e-06,9.84744184056515e-06
"133",1,1,1,1,0,0,0,0,1,0,0,0,0,0,0,0,0,1,1,0,0,0,1,0,0,1,1,0,1,0,6539105.27198656,96970.584853423,1566000,24000,0.000991955977523552,0.000124704522887739,7.06004320292229e-06,1.30695320131233e-05
"134",1,1,1,1,1,0,0,0,0,1,0,0,0,0,0,0,1,0,0,0,0,0,1,0,0,1,1,0,1,1,6539439.82238144,97947.1450507904,1580000,6000,0.00106202130339634,9.14442679323004e-05,7.97771127024775e-06,1.31587187027643e-05
"135",1,1,1,1,0,0,0,0,1,0,0,0,0,0,0,0,0,0,0,0,0,0,1,0,0,1,1,1,1,0,6539701.70824694,96825.4332516871,1522000,24000,0.000991934681067008,0.000138445898716752,5.80518779254465e-06,1.30353164599659e-05
"136",1,1,1,1,1,0,0,0,1,1,0,0,0,0,0,0,0,0,0,1,0,0,1,0,1,1,1,0,1,0,6539793.55809411,97962.4878793726,1440000,30000,0.00105397835826821,0.000137030436865328,7.10442800155106e-06,1.29447399667915e-05
"137",1,1,1,1,0,0,1,0,0,0,0,0,0,0,0,0,0,0,1,0,0,0,1,1,0,1,0,0,1,0,6539874.48892571,97129.7804738286,1362000,72000,0.000975290791472069,0.000133319252136717,2.18644376478378e-05,1.18992545902425e-05
"138",1,1,1,1,1,0,0,0,0,1,0,0,0,0,0,0,0,0,0,1,0,1,1,0,0,1,0,0,1,0,6540076.03730816,97983.6784179456,1459000,6000,0.00106320643723522,0.00013700600185971,1.08147868726375e-05,1.0926393496664e-05
"139",1,1,1,1,0,0,0,0,0,0,0,0,0,0,0,0,1,1,0,0,0,1,1,0,0,1,0,0,1,0,6540288.23249176,96959.8637833883,1706000,0,0.001,8.35257711809259e-05,9.48255850057964e-06,1.09766154620232e-05
"140",1,1,1,1,0,0,1,1,0,0,0,0,0,0,0,0,0,0,1,0,0,0,1,0,0,1,0,0,1,0,6540997.7824496,97221.483850336,1294000,120000,0.00095919478855045,0.000133197744421423,2.44155484073204e-05,1.1133421050197e-05
"141",1,1,1,0,0,0,0,1,0,0,0,0,0,0,0,0,0,0,0,0,0,1,1,0,0,1,0,0,0,0,6541650.06230816,93080.1353179456,1390000,48000,0.000983163505289298,0.000137899018672522,6.12207455648614e-06,9.83956867380964e-06
"142",1,1,1,1,1,0,0,0,0,1,0,0,0,0,0,0,0,0,1,0,0,0,1,0,0,1,1,0,1,0,6541772.6224496,97979.179850336,1462000,6000,0.0010632787497249,0.000132199113913324,9.37299197161111e-06,1.31585267524868e-05
"143",1,1,1,1,1,0,0,0,0,1,0,0,0,0,0,0,0,0,0,1,0,1,1,0,0,1,0,0,1,1,6541961.49501744,97963.5085665504,1473000,6000,0.00106194292374928,0.000137033592553256,9.41745178059326e-06,1.09274077990935e-05
"144",1,1,1,1,1,0,0,0,0,0,0,0,0,0,0,0,0,0,0,1,0,0,1,0,0,1,1,0,1,1,6542223.20824528,97962.3852783648,1437000,0,0.00107992726970244,0.000137030577242248,7.98909470453069e-06,1.31999002459287e-05
"145",1,1,1,1,0,0,1,0,0,0,0,0,0,0,0,0,0,1,0,0,0,0,1,0,0,1,0,0,1,0,6542487.64507296,97217.361032847,1346000,72000,0.00097531305134698,0.000131229003004804,2.48057292535513e-05,1.2259658393185e-05
"146",1,1,1,1,1,0,0,0,0,1,0,0,0,0,0,0,1,0,0,0,0,0,1,0,1,1,1,0,1,0,6542676.17533028,97947.2477644648,1583000,6000,0.00106202774006873,9.14442769043817e-05,8.0617434238914e-06,1.31028862296176e-05
"147",1,1,1,1,0,0,0,0,1,0,0,0,0,0,0,0,1,0,1,0,0,0,1,0,0,1,0,0,1,0,6542751.3024496,97204.832650336,1450000,24000,0.000991975362306099,8.53196525074201e-05,3.12164830872524e-05,1.30875596333909e-05
"148",1,1,1,1,1,0,0,0,0,1,0,0,0,0,0,0,0,0,1,0,0,0,1,0,0,1,1,0,1,1,6543661.4024496,97958.987850336,1476000,6000,0.00106201380530066,0.000132205751022612,7.9737607101007e-06,1.31600023186942e-05
"149",1,1,1,1,0,0,0,0,1,0,0,0,0,0,0,0,1,0,1,0,0,0,1,1,0,1,1,0,1,0,6543817.12777115,96871.161494859,1686000,24000,0.0009921370521726,8.55793007670981e-05,4.98952726292396e-06,1.28576267416265e-05
"150",1,1,1,1,0,0,1,0,0,0,0,0,0,0,0,0,1,0,0,0,0,1,1,0,0,1,0,0,1,0,6544301.7029548,96968.4587803013,1602000,72000,0.000975780778825935,9.13568983916047e-05,8.90187487910841e-06,1.09109310043709e-05
"151",1,1,1,1,0,0,0,1,0,0,0,0,0,0,0,0,0,0,0,0,0,0,1,1,0,1,0,0,1,0,6544371.99494698,97134.1475003535,1310000,48000,0.000983866196942262,0.000139024809205392,2.88889604032907e-05,1.17577087774433e-05
"152",1,1,1,1,0,0,0,0,0,0,0,0,0,0,0,0,1,0,0,0,0,0,1,1,0,1,1,0,0,0,6544474.44708864,96968.6463527424,1578000,0,0.001,9.13586082071839e-05,1.7698330560808e-05,1.28564014541213e-05
"153",1,1,1,1,0,0,0,0,0,0,0,0,0,0,0,0,0,1,1,0,0,1,1,0,0,1,0,0,1,0,6544509.57875872,96971.7081416086,1602000,0,0.001,0.000124707711819469,9.48040297939369e-06,1.09750491329358e-05
"154",1,1,1,1,0,0,0,1,1,0,0,0,0,0,0,0,0,0,0,0,0,1,1,1,0,1,0,0,1,0,6544746.09371914,96892.9667885391,1514000,72000,0.000975955845121813,0.000138375203930954,6.05745734273424e-06,9.46889958327286e-06
"155",1,1,1,1,1,0,0,0,1,1,0,0,0,0,0,0,0,0,0,0,0,0,1,0,1,1,1,0,1,1,6545008.08045442,97943.7763863039,1441000,30000,0.00105280420258837,0.000138006915164449,6.99604991367113e-06,1.29471327332716e-05
"156",1,1,1,1,0,0,0,0,0,0,0,0,0,0,0,0,0,0,0,0,0,1,1,0,0,1,0,1,1,0,6545106.0150191,96826.5565398727,1558000,0,0.001,0.000138448933014804,8.23029896145636e-06,1.09378789111062e-05
"157",1,1,1,1,1,0,0,0,0,1,0,0,0,0,0,0,0,0,0,1,0,1,1,0,1,1,0,0,1,0,6545197.86486627,97963.6111675582,1476000,6000,0.0010619493523694,0.000137033452174788,9.50137623051439e-06,1.08716482212999e-05
"158",1,1,1,1,1,0,0,0,0,0,0,0,0,0,0,0,0,0,0,1,0,0,1,0,1,1,1,0,1,0,6545406.71809411,97962.4878793726,1440000,0,0.0010799355647903,0.000137030436865328,8.10899387373796e-06,1.31069718004446e-05
"159",1,1,1,1,0,0,1,1,1,0,0,0,0,0,0,0,0,0,0,0,0,0,1,0,0,1,1,0,1,0,6546016.715536,96983.65202976,1410000,144000,0.000951542241320115,0.000138383178217064,6.52979955981639e-06,1.09701604998179e-05
"160",1,1,1,1,0,0,0,1,0,0,0,0,0,0,0,0,1,0,0,0,0,1,1,1,0,1,0,0,1,0,6546624.58236578,96876.6502508948,1670000,48000,0.00098382331344144,9.13013232152897e-05,6.13134933356436e-06,9.48127872016972e-06
"161",1,1,1,1,1,0,0,0,0,0,0,0,0,0,0,0,0,0,0,1,0,0,1,0,0,1,1,0,1,0,6546826.330536,97982.55512976,1423000,0,0.00108155762818613,0.000137002986853104,9.98643543414765e-06,1.31992415418119e-05
"162",1,1,1,1,1,0,0,0,0,1,0,0,0,0,0,0,0,0,1,0,0,0,1,0,1,1,1,0,1,0,6546897.75539844,97959.0905640104,1479000,6000,0.00106202024120274,0.000132205717253709,8.05778270878916e-06,1.31041765940885e-05
"163",1,1,1,1,0,0,0,1,1,0,0,0,0,0,0,0,0,0,0,0,0,0,1,1,0,1,1,0,0,0,6546959.8402432,96984.961331712,1422000,72000,0.000975786626770819,0.000138383335044754,1.3441938103287e-05,1.17152230586111e-05
"164",1,1,1,1,0,0,1,0,1,0,0,0,0,0,0,0,1,0,1,0,0,0,1,0,0,1,0,0,1,0,6547203.3024496,97204.832650336,1450000,96000,0.000967319491865776,8.53196525074201e-05,2.38197219551554e-05,1.2101324815778e-05
"165",1,1,1,1,0,0,0,1,1,0,0,0,0,0,0,0,0,1,0,0,0,0,1,0,0,1,1,0,1,0,6548039.00507296,96975.057032847,1514000,72000,0.000975804580287335,0.000130557445909108,6.67487908100572e-06,1.19392278500813e-05
"166",1,1,1,1,1,0,0,0,0,1,0,0,0,0,0,0,1,0,0,1,0,0,1,0,0,1,1,0,1,0,6548096.57738144,97966.2401507904,1579000,6000,0.00106321768815938,9.04568846460611e-05,9.37564831667036e-06,1.31573233603557e-05
"167",1,1,1,1,0,0,1,0,0,0,0,0,0,0,0,0,0,0,1,0,0,1,1,0,0,1,0,0,1,0,6548523.04922176,96980.3031385216,1498000,72000,0.000975750087579351,0.000132534232802758,8.89898288848631e-06,1.09092786185486e-05
"168",1,1,1,1,0,0,0,0,0,0,0,0,0,0,0,0,0,0,1,0,0,0,1,1,0,1,1,0,0,0,6548696.25209815,96980.487652679,1474000,0,0.001,0.000132529408279626,1.7682081017695e-05,1.2858163989065e-05
"169",1,1,1,1,0,0,1,1,0,0,0,0,0,0,0,0,0,0,0,0,0,0,1,1,0,1,0,0,1,0,6548823.99494698,97134.1475003535,1310000,120000,0.000959158099308613,0.000139024809205392,2.1476531113196e-05,1.07693848720973e-05
"170",1,1,1,1,1,0,0,0,1,1,0,0,0,0,0,0,0,0,0,0,0,1,1,0,0,1,0,0,1,0,6548840.90230816,97984.7753179456,1446000,30000,0.00105530524494664,0.000137994451427536,9.85984610315465e-06,1.07669405233799e-05
"171",1,1,1,1,1,0,0,0,0,1,0,0,0,0,0,0,0,0,0,0,0,0,1,1,0,1,1,0,1,0,6549598.83494698,97891.8435003535,1478000,6000,0.00106333520524596,0.000137980185484159,6.4433025197414e-06,1.27991150055979e-05
"172",1,1,1,0,0,0,0,1,0,0,0,0,0,0,0,0,1,0,0,0,0,0,1,0,0,1,1,0,0,0,6549670.60238144,93062.6970507904,1510000,48000,0.000983160350434539,8.88973609986097e-05,4.60622738435661e-06,1.21878442489856e-05
"173",1,1,1,1,1,0,0,0,0,1,0,0,0,0,0,0,1,0,0,1,0,0,1,0,0,1,1,0,1,1,6549982.03509072,97946.0702993952,1593000,6000,0.00106195395203504,9.04748944790376e-05,7.9777680847008e-06,1.31587972545928e-05
"174",1,1,1,1,1,0,0,0,0,0,0,0,0,0,0,0,0,0,0,0,0,0,1,0,1,1,1,0,1,1,6550102.15405442,97943.7763863039,1441000,0,0.00107842249028725,0.000138006915164449,7.95377826966442e-06,1.31093420681166e-05
"175",1,1,1,1,1,0,0,0,0,1,0,0,0,0,0,0,0,0,0,0,0,1,1,0,1,1,0,0,1,1,6550412.38722658,97944.8996744895,1477000,6000,0.00106077673294225,0.000138009919851144,9.39345730099949e-06,1.08736449147867e-05
"176",1,1,1,1,0,0,1,0,0,0,0,0,0,0,0,0,1,0,1,0,0,0,1,0,0,1,1,0,1,0,6550507.82929504,96962.8648713664,1618000,72000,0.00097578169531891,8.55026193937181e-05,7.8814002659156e-06,1.22624709271646e-05
"177",1,1,1,1,1,0,0,1,0,1,0,0,0,0,0,0,0,0,0,0,0,0,1,0,0,1,1,0,1,0,6550706.355536,97983.65202976,1410000,54000,0.00104728193630342,0.000137991447786304,8.99236133049725e-06,1.20388078234386e-05
"178",1,1,1,1,1,0,0,0,1,1,0,0,0,0,0,0,0,0,0,0,0,1,1,0,0,1,0,0,1,1,6550729.68230816,97964.5833179456,1460000,30000,0.00105403872931117,0.000138002282665492,8.46079510997416e-06,1.07679230627812e-05
"179",1,1,1,1,0,0,0,1,0,0,0,0,0,0,0,0,0,0,1,0,0,1,1,1,0,1,0,0,1,0,6550830.15569787,96888.5997620142,1566000,48000,0.000983825308552282,0.00013265541497987,6.13299915620504e-06,9.4803135868972e-06
"180",1,1,1,1,1,0,0,0,1,0,0,0,0,0,0,0,0,0,0,0,0,0,1,0,0,1,1,0,1,1,6550991.395536,97963.46002976,1424000,24000,0.00107204253502128,0.000137999278494953,7.03245590005574e-06,1.30404326332851e-05
"181",1,1,1,1,1,0,0,0,0,1,0,0,0,0,0,0,0,0,0,0,0,0,1,1,0,1,1,0,1,1,6551487.61494698,97871.6515003535,1492000,6000,0.00106206914368844,0.000137988021214869,5.04221821868589e-06,1.28005177379324e-05
"182",1,1,1,1,0,0,0,1,1,0,0,0,0,0,0,0,1,0,0,0,0,0,1,0,0,1,0,0,1,0,6551685.035536,97209.30482976,1398000,72000,0.000975845201135178,9.11602835149899e-05,3.08307113684429e-05,1.19587405203732e-05
"183",1,1,1,1,1,0,0,0,0,1,0,0,0,0,0,0,0,0,1,1,0,0,1,0,0,1,1,0,1,0,6552318.1574496,97978.082950336,1475000,6000,0.00106321004691569,0.00013121054301486,9.3715295551115e-06,1.31586068947774e-05
"184",1,1,1,1,0,0,0,0,0,0,0,0,0,0,0,0,0,1,0,0,0,1,1,1,0,1,0,0,1,0,6552335.7912561,96884.371791626,1618000,0,0.001,0.000130542145911452,6.52034538560037e-06,1.06099316760122e-05
"185",1,1,1,1,0,0,0,0,0,0,0,0,0,0,0,0,1,1,1,0,0,0,1,0,0,1,1,0,1,0,6552530.118832,96954.2698744534,1722000,0,0.001,7.76705213735792e-05,8.02600326177889e-06,1.32292733103648e-05
"186",1,1,1,1,1,0,0,1,0,1,0,0,0,0,0,0,0,0,0,0,0,0,1,0,0,1,1,0,1,1,6552595.135536,97963.46002976,1424000,54000,0.00104601375239991,0.000137999278494953,7.59311549129993e-06,1.20400525284289e-05
"187",1,1,1,1,0,0,0,1,1,0,0,0,0,0,0,0,1,0,0,0,0,0,1,1,0,1,1,0,1,0,6552766.63379242,96875.5285213839,1634000,72000,0.000975951517007141,9.13022414516685e-05,4.60125932120515e-06,1.17246848982351e-05
"188",1,1,1,1,0,0,0,0,0,0,0,0,0,0,0,0,1,0,0,0,0,0,1,0,0,1,1,1,1,0,6553126.55509238,96809.1182727175,1678000,0,0.001,9.13436921562497e-05,6.77349339508921e-06,1.31954762838663e-05
"189",1,1,1,1,1,0,0,0,0,1,0,0,0,0,0,0,1,0,0,1,0,0,1,0,1,1,1,0,1,0,6553218.40493955,97946.172900403,1596000,6000,0.00106196038178816,9.04748028469497e-05,8.06170898457529e-06,1.31030254119685e-05
"190",1,1,1,0,0,0,1,0,0,0,0,0,0,0,0,0,0,0,0,0,0,0,1,0,0,1,1,0,0,0,6553359.755536,93079.01202976,1354000,72000,0.000974736096261441,0.000137895855607838,4.85861845129563e-06,1.23572262743168e-05
"191",1,1,1,1,0,0,0,1,0,0,0,0,0,0,0,0,0,1,0,0,0,1,1,0,0,1,0,0,1,0,6553443.31184512,96976.1803210326,1550000,48000,0.000983857642140708,0.000130560566898578,9.09623849133537e-06,9.84503911715916e-06
"192",1,1,1,1,1,0,0,0,1,1,0,0,0,0,0,0,0,0,0,0,0,1,1,0,1,1,0,0,1,0,6553966.035257,97964.68603162,1463000,30000,0.00105404517320734,0.00013800224282099,8.54481179891799e-06,1.0712103034823e-05
"193",1,1,1,1,1,0,0,0,1,0,0,0,0,0,0,0,0,0,0,0,0,0,1,0,1,1,1,0,1,0,6554174.88848484,97963.5627434344,1427000,24000,0.00107205084739395,0.000137999238653144,7.1524864171185e-06,1.29474033305937e-05
"194",1,1,1,1,1,0,0,0,0,1,0,0,0,0,0,0,0,0,1,1,0,0,1,0,0,1,1,0,1,1,6554203.61515888,97957.9130989408,1489000,6000,0.00106194646199966,0.000131236941980682,7.97381747434123e-06,1.31600808751093e-05
"195",1,1,1,1,1,0,0,0,0,1,0,0,0,0,0,0,0,0,0,0,0,0,1,1,1,1,1,0,1,0,6554723.96789582,97871.7542140279,1495000,6000,0.00106207558527556,0.000137987981347501,5.12631827139766e-06,1.27446425742309e-05
"196",1,1,1,0,0,0,0,0,0,0,0,0,0,0,0,0,0,1,0,0,0,0,1,0,0,1,1,0,0,0,6555382.04507296,93070.417032847,1458000,0,0.001,0.000129741760572932,5.00918697249433e-06,1.33657847016052e-05
"197",1,1,1,1,1,0,0,0,1,1,0,0,0,0,0,0,0,0,0,1,0,0,1,0,1,1,1,0,1,1,6555547.05451542,97942.7232258972,1454000,30000,0.00105273810290262,0.00013705748395012,6.99612273230029e-06,1.29472674352665e-05
"198",1,1,1,1,1,0,0,0,1,0,0,0,0,0,0,0,0,0,0,0,0,0,1,0,0,1,1,0,1,0,6555591.195536,97983.65202976,1410000,24000,0.00107367629038574,0.000137991447786304,9.03216467383113e-06,1.30398060755435e-05
"199",1,1,1,1,1,0,0,1,0,1,0,0,0,0,0,0,0,0,0,0,0,0,1,0,1,1,1,0,1,0,6555831.48848484,97963.5627434344,1427000,54000,0.00104602020478406,0.000137999238653144,7.67713405336385e-06,1.19842305266035e-05
"200",1,1,1,1,0,0,0,1,1,0,0,0,0,0,0,0,0,0,1,0,0,0,1,0,0,1,0,0,1,0,6555856.1824496,97221.483850336,1294000,72000,0.000975857427009852,0.000133197744421423,3.08585273405617e-05,1.1960391854731e-05
"201",1,1,1,1,0,0,1,1,1,0,0,0,0,0,0,0,1,0,0,0,0,0,1,0,0,1,0,0,1,0,6556137.035536,97209.30482976,1398000,144000,0.000951190465004751,9.11602835149899e-05,2.34342905293147e-05,1.09725510751561e-05
"202",1,1,1,1,0,0,0,0,1,0,0,0,0,0,0,0,0,0,0,0,0,0,1,1,0,1,0,0,0,0,6556266.8802432,97227.265331712,1254000,24000,0.000991965321067859,0.000139035320515795,3.79959930736474e-05,1.28641544682063e-05
"203",1,1,1,1,0,0,1,0,0,0,0,0,0,0,0,0,0,0,0,0,0,1,1,1,0,1,0,0,1,0,6556349.26171914,96892.9667885391,1514000,72000,0.000975728229451683,0.000138375203930954,5.93866379560276e-06,1.05441342662442e-05
"204",1,1,1,1,1,0,0,0,0,0,0,0,0,0,0,0,0,0,0,0,0,1,1,0,0,1,0,0,1,1,6556395.70230816,97964.5833179456,1460000,0,0.00108001324289371,0.000138002282665492,9.42938116818299e-06,1.09673603628572e-05
"205",1,1,1,1,0,0,1,0,1,0,0,0,0,0,0,0,0,0,0,0,0,0,1,1,0,1,1,0,1,0,6556455.78694698,96891.8435003535,1478000,96000,0.000967859983032449,0.000138372170857871,4.84371927821465e-06,1.18874794889732e-05
"206",1,1,1,1,1,0,0,0,1,1,0,0,0,0,0,0,1,0,0,0,0,0,1,0,0,1,1,0,1,0,6556861.44238144,97967.3370507904,1566000,30000,0.00105531508932605,9.14460313500589e-05,8.42055368038226e-06,1.29978170255056e-05
"207",1,1,1,1,0,0,0,1,1,0,0,0,0,0,0,0,0,0,1,0,0,0,1,1,0,1,1,0,1,0,6556972.44092571,96887.4764738286,1530000,72000,0.00097596349724936,0.000132652315456333,4.60116354009033e-06,1.17265879248942e-05
"208",1,1,1,1,0,0,0,0,1,0,0,0,0,0,0,0,0,1,0,0,0,0,1,0,0,1,0,0,1,0,6557346.04507296,97217.361032847,1346000,24000,0.000991967196067623,0.000131229003004804,3.1247877377572e-05,1.30864802606583e-05
"209",1,1,1,1,0,0,0,0,0,0,0,0,0,0,0,0,0,0,1,0,0,0,1,0,0,1,1,1,1,0,6557348.13516054,96820.9610722631,1574000,0,0.001,0.000132584295158776,6.76964369603216e-06,1.31967704912696e-05
"210",1,1,1,1,1,0,0,0,0,1,0,0,0,0,0,0,0,0,1,1,0,0,1,0,1,1,1,0,1,0,6557439.98500771,97958.0156999486,1492000,6000,0.00106195289098329,0.000131236807665594,8.0577482301769e-06,1.31043157737716e-05
"211",1,1,1,1,0,0,1,1,0,0,0,0,0,0,0,0,0,0,0,0,0,1,1,0,0,1,0,0,1,0,6557456.78230816,96984.7753179456,1446000,120000,0.000959592554081383,0.000138386208291466,8.51445387024776e-06,9.77813106972844e-06
"212",1,1,1,1,0,0,0,1,0,0,0,0,0,0,0,0,0,0,0,0,0,0,1,1,0,1,1,0,0,0,6557629.7602432,96984.961331712,1422000,48000,0.000983841379277433,0.000138383335044754,1.73082193064614e-05,1.17264997121204e-05
"213",1,1,1,1,0,0,0,1,1,0,0,0,0,0,0,0,1,0,1,0,0,1,1,0,0,1,0,0,1,0,6558108.7698684,96963.9866008773,1654000,72000,0.000975793314071041,8.55017690774286e-05,8.12664463495872e-06,9.68655044336508e-06
"214",1,1,1,1,0,0,1,0,0,0,0,0,0,0,0,0,1,0,0,0,0,0,1,1,0,1,1,0,1,0,6558334.04179242,96875.5285213839,1634000,72000,0.000975759861752003,9.13022414516685e-05,4.91963091217245e-06,1.18984807919674e-05
"215",1,1,1,1,1,0,0,0,0,1,0,0,0,0,0,0,1,0,0,0,0,0,1,0,1,1,1,0,1,1,6558432.92729986,97927.4614073343,1597000,6000,0.00106078755565623,9.14425482106094e-05,7.95349575311073e-06,1.31054488214869e-05
"216",1,1,1,1,0,0,0,0,1,0,0,0,0,0,0,0,0,1,0,0,0,0,1,1,0,1,1,0,1,0,6558478.07648394,96883.2485034404,1582000,24000,0.000992129018113058,0.000130539021750891,4.98836086711779e-06,1.28563045171123e-05
"217",1,1,1,1,0,0,0,0,1,0,0,0,0,0,0,0,1,0,0,0,0,1,1,1,0,1,0,0,0,0,6558519.467662,96969.7680822533,1614000,24000,0.000991943985472588,9.13576902005254e-05,1.52844187774573e-05,1.05928485126197e-05
"218",1,1,1,1,1,0,0,0,1,1,0,0,0,0,0,0,1,0,0,0,0,0,1,0,0,1,1,0,1,1,6558750.22238144,97947.1450507904,1580000,30000,0.00105404835023272,9.14442679323004e-05,7.02095689061366e-06,1.2999259639492e-05
"219",1,1,1,1,0,0,0,1,0,0,0,0,0,0,0,0,1,0,1,0,0,0,1,1,0,1,1,0,1,0,6558850.69577115,96871.161494859,1686000,48000,0.000983822396864363,8.55793007670981e-05,4.67674908681173e-06,1.17362026490903e-05
"220",1,1,1,0,0,0,0,0,0,0,0,0,0,0,0,0,1,0,0,0,0,0,1,0,0,1,0,0,0,0,6559028.075536,93304.66482976,1342000,0,0.001,8.86979424198773e-05,3.01805233598351e-05,1.33838221199343e-05
"221",1,1,1,1,1,0,0,0,1,1,0,0,0,0,0,0,0,0,0,1,0,1,1,0,0,1,0,0,1,0,6559386.43730816,97983.6784179456,1459000,30000,0.00105523645679961,0.00013700600185971,9.85838922036443e-06,1.07669938879518e-05
"222",1,1,1,1,0,0,1,1,0,0,0,0,0,0,0,0,1,0,0,0,0,0,1,0,0,1,1,0,1,0,6559441.56238144,96967.3370507904,1566000,120000,0.000959621254648798,9.13578164014988e-05,7.49684902671329e-06,1.11310575468518e-05
"223",1,1,1,1,1,0,0,0,0,0,0,0,0,0,0,0,0,0,0,0,0,1,1,0,1,1,0,0,1,0,6559579.195257,97964.68603162,1463000,0,0.00108002154681397,0.00013800224282099,9.5494077958252e-06,1.08743343004313e-05
"224",1,1,1,1,0,0,0,0,1,0,0,0,0,0,0,0,1,1,0,0,0,1,1,0,0,1,0,0,1,0,6559598.63249176,96959.8637833883,1706000,24000,0.000991945863272409,8.35257711809259e-05,8.51606209326873e-06,1.08155327274714e-05
"225",1,1,1,1,1,0,0,0,0,1,0,0,0,0,0,0,0,0,0,0,0,0,1,0,0,1,0,0,1,0,6560013.395536,98225.95602976,1242000,6000,0.00106311977251839,0.000138637771047503,3.33077445994511e-05,1.31752595072682e-05
"226",1,1,1,1,1,0,0,0,0,1,0,0,0,0,0,0,0,0,0,1,0,0,1,1,0,1,1,0,1,0,6560144.36994698,97890.7466003535,1491000,6000,0.00106326644177395,0.000136990797379582,6.44180597030692e-06,1.27991911920559e-05
"227",1,1,1,1,0,0,1,1,1,0,0,0,0,0,0,0,0,0,1,0,0,0,1,0,0,1,0,0,1,0,6560308.1824496,97221.483850336,1294000,144000,0.000951171525242558,0.000133197744421423,2.34527568103733e-05,1.09729557840392e-05
"228",1,1,1,1,0,0,0,0,0,0,0,0,0,0,0,0,1,1,0,0,0,0,1,1,0,1,1,0,1,0,6560356.33132938,96866.9335244708,1738000,0,0.001,8.34635965212784e-05,5.06410148616451e-06,1.286612255858e-05
"229",1,1,1,1,1,0,0,0,0,0,0,0,0,0,0,0,0,0,0,1,0,0,1,0,1,1,1,0,1,1,6560641.12811542,97942.7232258972,1454000,0,0.00107833731099554,0.00013705748395012,7.95386035430289e-06,1.31094755035298e-05
"230",1,1,1,1,0,0,1,0,1,0,0,0,0,0,0,0,0,0,0,0,0,0,1,1,0,1,0,0,0,0,6560718.8802432,97227.265331712,1254000,96000,0.000967280887212686,0.000139035320515795,3.05906629170955e-05,1.18767771139994e-05
"231",1,1,1,1,1,0,0,0,0,1,0,0,0,0,0,0,0,0,0,1,0,1,1,0,1,1,0,0,1,1,6560951.36128758,97943.8465140828,1490000,6000,0.00106071071974078,0.000137060499557861,9.39355589738634e-06,1.08737573196526e-05
"232",1,1,1,1,1,0,0,0,0,0,0,0,0,0,0,0,0,0,0,0,0,1,1,0,0,1,0,0,1,0,6560995.50230816,97984.7753179456,1446000,0,0.00108164533698262,0.000137994451427536,1.14285730763118e-05,1.09671610161691e-05
"233",1,1,1,1,1,0,0,0,1,1,0,0,0,0,0,0,0,0,1,0,0,0,1,0,0,1,1,0,1,0,6561083.0224496,97979.179850336,1462000,30000,0.00105531753219576,0.000132199113913324,8.41764586811438e-06,1.2999302401904e-05
"234",1,1,1,1,1,0,0,1,0,1,0,0,0,0,0,0,0,0,0,1,0,0,1,0,0,1,1,0,1,0,6561251.890536,97982.55512976,1423000,54000,0.00104721305754807,0.000137002986853104,8.99089471964325e-06,1.20388754269859e-05
"235",1,1,1,1,1,0,0,0,1,1,0,0,0,0,0,0,0,0,0,1,0,1,1,0,0,1,0,0,1,1,6561271.89501744,97963.5085665504,1473000,30000,0.00105397130236263,0.000137033592553256,8.46085721419573e-06,1.07679753713606e-05
"236",1,1,1,1,0,0,0,1,0,0,0,0,0,0,0,0,1,1,0,0,0,0,1,0,0,1,1,0,1,0,6561463.8519184,96958.7420538774,1670000,48000,0.000983854738898123,8.35265986727707e-05,7.64183676434546e-06,1.20989560844192e-05
"237",1,1,1,1,1,0,0,0,1,0,0,0,0,0,0,0,0,0,0,1,0,0,1,0,0,1,1,0,1,1,6561533.60824528,97962.3852783648,1437000,24000,0.001071955556909,0.000137030577242248,7.03248916931721e-06,1.30404659900598e-05
"238",1,1,1,1,0,0,1,0,1,0,0,0,0,0,0,0,0,1,0,0,0,0,1,0,0,1,0,0,1,0,6561798.04507296,97217.361032847,1346000,96000,0.000967280247414603,0.000131229003004804,2.3841792781666e-05,1.20990023145375e-05
"239",1,1,1,1,1,0,0,0,0,1,0,0,0,0,0,0,0,0,0,0,0,0,1,0,0,1,0,0,1,1,6561902.175536,98205.76402976,1256000,6000,0.00106185797402033,0.000138645715325323,3.19169505969763e-05,1.31767348060085e-05
"240",1,1,1,1,1,0,0,0,1,1,0,0,0,0,0,0,1,0,0,0,0,0,1,0,1,1,1,0,1,0,6561986.57533028,97947.2477644648,1583000,30000,0.00105405479526605,9.14442769043817e-05,7.10499004757041e-06,1.29434273335641e-05
"241",1,1,1,1,1,0,0,0,0,1,0,0,0,0,0,0,0,0,0,1,0,0,1,1,0,1,1,0,1,1,6562029.82765626,97870.5767489583,1505000,6000,0.00106200174090028,0.000137018411138091,5.04224284127665e-06,1.28005924168213e-05
"242",1,1,1,1,0,0,0,0,1,0,0,0,0,0,0,0,1,0,0,0,0,0,1,1,0,1,0,0,1,0,6562124.10694698,97117.4963003535,1466000,24000,0.00099214800295345,9.110466029521e-05,2.91715211922541e-05,1.28748626549457e-05
"243",1,1,1,1,1,0,0,0,0,1,0,0,0,0,0,0,1,0,0,0,0,1,1,0,0,1,0,0,1,0,6562265.9829548,97968.4587803013,1602000,6000,0.00106328567456495,9.14451217005758e-05,1.08153696983326e-05,1.09279249487144e-05
"244",1,1,1,1,0,0,1,0,0,0,0,0,0,0,0,0,0,0,1,0,0,0,1,1,0,1,1,0,1,0,6562539.84892571,96887.4764738286,1530000,72000,0.000975729172793192,0.000132652315456333,4.9192072604651e-06,1.18990026380124e-05
"245",1,1,1,1,1,0,0,0,0,1,0,0,0,0,0,0,0,0,1,0,0,0,1,0,1,1,1,0,1,1,6562654.50736802,97939.3042068799,1493000,6000,0.00106078020523811,0.000132212223669375,7.94954732712318e-06,1.31067391367779e-05
"246",1,1,1,1,0,0,0,0,1,0,0,0,0,0,0,0,0,0,1,0,0,1,1,1,0,1,0,0,0,0,6562741.03887031,96981.6109408646,1510000,24000,0.000991954195058076,0.000132532506254106,1.52749112976096e-05,1.05917711393043e-05
"247",1,1,1,1,1,0,0,0,1,1,0,0,0,0,0,0,0,0,1,0,0,0,1,0,0,1,1,0,1,1,6562971.8024496,97958.987850336,1476000,30000,0.001054050946749,0.000132205751022612,7.01821768390248e-06,1.30007451476612e-05
"248",1,1,1,1,1,0,0,1,0,1,0,0,0,0,0,0,0,0,0,1,0,0,1,0,0,1,1,0,1,1,6563137.34824528,97962.3852783648,1437000,54000,0.0010459462366357,0.000137030577242248,7.5931680768668e-06,1.20401187942193e-05
"249",1,1,1,0,0,0,1,0,0,0,0,0,0,0,0,0,1,0,0,0,0,0,1,0,0,1,0,0,0,0,6563480.075536,93304.66482976,1342000,72000,0.000974313505499721,8.86979424198773e-05,2.24745750097515e-05,1.23563623399232e-05
"250",1,1,1,1,0,0,1,0,1,0,0,0,0,0,0,0,1,0,0,0,0,1,1,0,0,1,0,0,1,0,6563612.1029548,96968.4587803013,1602000,96000,0.000967727355993163,9.13568983916047e-05,7.93546413917575e-06,1.07498625477155e-05
"251",1,1,1,1,0,0,1,1,0,0,0,0,0,0,0,0,0,0,1,0,0,0,1,0,0,1,1,0,1,0,6563663.1424496,96979.179850336,1462000,120000,0.000959592539223372,0.000132531134806499,7.49271539624054e-06,1.11312558891163e-05
"252",1,1,1,1,0,0,0,0,1,0,0,0,0,0,0,0,0,1,1,0,0,1,1,0,0,1,0,0,1,0,6563819.97875872,96971.7081416086,1602000,24000,0.000991956070702848,0.000124707711819469,8.5151314637354e-06,1.08141705469927e-05
"253",1,1,1,1,1,0,0,0,0,1,0,0,0,0,0,0,1,0,0,0,0,1,1,0,0,1,0,0,1,1,6564154.7629548,97948.2667803013,1616000,6000,0.00106202059311193,9.14433581154885e-05,9.41628262757897e-06,1.09289408386718e-05
"254",1,1,1,1,1,0,0,0,0,0,0,0,0,0,0,0,1,0,0,0,0,0,1,0,0,1,1,0,1,1,6564416.24238144,97947.1450507904,1580000,0,0.00108002748825334,9.14442679323004e-05,7.98971539348575e-06,1.3198732446891e-05
"255",1,1,1,1,0,0,0,0,1,0,0,0,0,0,0,0,0,0,0,0,0,1,1,0,0,1,0,1,1,0,6564416.4150191,96826.5565398727,1558000,24000,0.000991934774633048,0.000138448933014804,7.26247191742211e-06,1.07765744037672e-05
"256",1,1,1,1,1,0,1,0,0,1,0,0,0,0,0,0,0,0,0,0,0,0,1,0,0,1,0,0,1,0,6564465.395536,98225.95602976,1242000,78000,0.00103868631218869,0.000138637771047503,2.59777065005411e-05,1.21979210940802e-05
"257",1,1,1,1,1,0,0,0,1,1,0,0,0,0,0,0,0,0,0,1,0,1,1,0,1,1,0,0,1,0,6564508.26486627,97963.6111675582,1476000,30000,0.00105397773933174,0.000137033452174788,8.54478266599465e-06,1.07122159605466e-05
"258",1,1,1,1,0,0,0,0,0,0,0,0,0,0,0,0,0,1,1,0,0,0,1,1,0,1,1,0,1,0,6564562.13846266,96878.8814769156,1634000,0,0.001,0.000124818305793283,5.06386206662065e-06,1.28678723603713e-05
"259",1,1,1,1,1,0,0,0,1,0,0,0,0,0,0,0,0,0,0,1,0,0,1,0,1,1,1,0,1,0,6564717.11809411,97962.4878793726,1440000,24000,0.00107196386034603,0.000137030436865328,7.15238934042524e-06,1.29475377115591e-05
"260",1,1,1,1,1,0,0,0,0,1,0,0,0,0,0,0,0,0,0,0,0,0,1,0,1,1,0,0,1,0,6565138.52848484,98205.8667434344,1259000,6000,0.00106186439391298,0.000138645674905708,3.20007364191347e-05,1.31210493453283e-05
"261",1,1,1,1,0,0,1,0,0,0,0,0,0,0,0,0,0,1,0,0,0,0,1,0,0,1,1,0,1,0,6565153.00507296,96975.057032847,1514000,72000,0.000975751092374161,0.000130557445909108,7.88315169607597e-06,1.22603071813294e-05
"262",1,1,1,1,0,0,0,0,0,0,0,0,0,0,0,0,0,0,0,0,0,0,1,1,0,1,1,1,1,0,6565174.34765792,96733.6247222806,1590000,0,0.001,0.000138434932880927,3.80252580825306e-06,1.28330899354021e-05
"263",1,1,1,1,1,0,0,0,0,1,0,0,0,0,0,0,0,0,0,1,0,0,1,1,1,1,1,0,1,0,6565266.1975051,97870.679349966,1508000,6000,0.00106200817556295,0.000137018270642243,5.12625156722991e-06,1.2744777929533e-05
"264",1,1,1,1,0,0,0,1,0,0,0,0,0,0,0,0,0,1,1,0,0,0,1,0,0,1,1,0,1,0,6565685.43198656,96970.584853423,1566000,48000,0.000983856710682568,0.000124704522887739,7.63788695647763e-06,1.2100382210432e-05
"265",1,1,1,1,1,0,0,0,1,0,0,0,0,0,0,0,0,0,0,1,0,0,1,0,0,1,1,0,1,0,6566136.730536,97982.55512976,1423000,24000,0.00107358755638135,0.000137002986853104,9.03002681757405e-06,1.30398401057163e-05
"266",1,1,1,1,1,0,0,0,1,1,0,0,0,0,0,0,0,0,1,0,0,0,1,0,1,1,1,0,1,0,6566208.15539844,97959.0905640104,1479000,30000,0.00105405739100044,0.000132205717253709,7.10224068451261e-06,1.29449195900424e-05
"267",1,1,1,1,0,0,0,0,1,0,0,0,0,0,0,0,0,0,1,0,0,0,1,1,0,1,0,0,1,0,6566279.48092571,97129.7804738286,1362000,24000,0.000992157988156691,0.000133319252136717,2.92019168925214e-05,1.28766441147791e-05
"268",1,1,1,1,1,0,1,0,0,1,0,0,0,0,0,0,0,0,0,0,0,0,1,0,0,1,0,0,1,1,6566354.175536,98205.76402976,1256000,78000,0.00103741948994854,0.000138645715325323,2.4585405375437e-05,1.21991954431366e-05
"269",1,1,1,1,1,0,0,1,0,1,0,0,0,0,0,0,0,0,0,1,0,0,1,0,1,1,1,0,1,0,6566373.71809412,97962.4878793726,1440000,54000,0.00104595268208367,0.000137030436865328,7.67709539977222e-06,1.19843574116599e-05
"270",1,1,1,1,1,0,0,0,0,1,0,0,0,0,0,0,0,0,1,0,0,1,1,0,0,1,0,0,1,0,6566487.32922176,97980.3031385216,1498000,6000,0.00106327802427019,0.00013220218409745,1.08130752487606e-05,1.09263806291483e-05
"271",1,1,1,1,0,0,1,0,1,0,0,0,0,0,0,0,1,0,0,0,0,0,1,1,0,1,0,0,1,0,6566576.10694698,97117.4963003535,1466000,96000,0.000967469959847933,9.110466029521e-05,2.1768108260599e-05,1.1887740930725e-05
"272",1,1,0,1,0,0,0,0,0,0,0,0,0,0,0,0,0,0,0,0,0,0,0,0,0,1,1,0,1,0,6566653.4,89147.936,1274000,0,0.001,0.000141756892722676,7.32876624311303e-06,1.13188971643718e-05
"273",1,1,1,1,0,0,0,0,0,0,0,0,0,0,0,0,0,0,0,0,0,0,1,1,0,1,0,0,0,0,6566936.8002432,97227.265331712,1254000,0,0.001,0.000139035320515795,4.18526389610751e-05,1.28754030187113e-05
"274",1,1,1,1,1,0,0,0,0,0,0,0,0,0,0,0,0,0,0,1,0,1,1,0,0,1,0,0,1,1,6566937.91501744,97963.5085665504,1473000,0,0.00107992635322488,0.000137033592553256,9.42944073357699e-06,1.0967370975706e-05
"275",1,1,1,1,1,0,0,0,0,1,0,0,0,0,0,0,1,0,0,0,0,1,1,0,1,1,0,0,1,0,6567391.11590364,97948.3694939757,1619000,6000,0.00106202702971135,9.14433670884212e-05,9.50031231030556e-06,1.08731113431919e-05
"276",1,1,1,1,1,0,0,0,1,1,0,0,0,0,0,0,1,0,0,1,0,0,1,0,0,1,1,0,1,0,6567406.97738144,97966.2401507904,1579000,30000,0.00105524628904477,9.04568846460611e-05,8.41908042291677e-06,1.29978953780634e-05
"277",1,1,1,1,1,0,0,0,0,0,0,0,0,0,0,0,1,0,0,0,0,0,1,0,1,1,1,0,1,0,6567599.73533028,97947.2477644648,1583000,0,0.00108003579363707,9.14442769043817e-05,8.10976490007364e-06,1.31056874823949e-05
"278",1,1,1,1,0,0,1,0,1,0,0,0,0,0,0,0,0,0,1,0,0,1,1,0,0,1,0,0,1,0,6567833.44922176,96980.3031385216,1498000,96000,0.000967706871185183,0.000132534232802758,7.93379692118608e-06,1.07484142906652e-05
"279",1,1,1,1,0,0,0,0,0,0,0,0,0,0,0,0,1,0,1,0,0,0,1,1,0,1,0,0,1,0,6568208.16892571,97113.1292738286,1518000,0,0.001,8.5395970046341e-05,2.92479277535098e-05,1.28864034297956e-05
"280",1,1,1,1,1,0,0,0,0,1,0,0,0,0,0,0,0,0,1,0,0,1,1,0,0,1,0,0,1,1,6568376.10922176,97960.1111385216,1512000,6000,0.00106201309420127,0.000132208821763473,9.41415686869879e-06,1.0927396077952e-05
"281",1,1,1,1,0,0,0,0,1,0,0,0,0,0,0,0,1,0,1,0,0,1,1,1,0,1,0,0,1,0,6568532.06834451,96872.28322437,1722000,24000,0.000992137143221353,8.55784487579339e-05,6.4441117770331e-06,1.06030856894314e-05
"282",1,1,1,1,1,0,0,0,0,0,0,0,0,0,0,0,0,0,1,0,0,0,1,0,0,1,1,0,1,1,6568637.8224496,97958.987850336,1476000,0,0.00108001781329117,0.000132205751022612,7.98576338209437e-06,1.32000112253398e-05
"283",1,1,1,1,1,0,0,0,0,1,0,0,0,0,0,0,1,0,0,1,0,0,1,0,1,1,1,0,1,1,6568971.90136086,97926.4082469276,1610000,6000,0.00106072153081584,9.04924580351369e-05,7.95357888082915e-06,1.31055852485517e-05
"284",1,1,1,1,1,0,0,0,0,0,0,0,0,0,0,0,1,0,0,0,0,0,1,0,0,1,1,0,1,0,6569016.04238144,97967.3370507904,1566000,0,0.00108165986992024,9.14460313500589e-05,9.98955988824018e-06,1.31980731577084e-05
"285",1,1,1,1,0,0,0,0,0,0,0,0,0,0,0,0,1,0,0,0,0,1,1,1,0,1,0,0,0,0,6569189.387662,96969.7680822533,1614000,0,0.001,9.13576902005254e-05,1.9151305750615e-05,1.06041269329581e-05
"286",1,1,1,1,1,0,0,0,1,1,0,0,0,0,0,0,1,0,0,1,0,0,1,0,0,1,1,0,1,1,6569292.43509072,97946.0702993952,1593000,30000,0.00105398091138509,9.04748944790376e-05,7.02100320670672e-06,1.29993364415938e-05
"287",1,1,1,1,0,0,0,1,0,0,0,0,0,0,0,0,1,0,1,0,0,0,1,0,0,1,0,0,1,0,6569331.4624496,97204.832650336,1450000,48000,0.000983877929077978,8.53196525074201e-05,3.1792509908392e-05,1.21195074227274e-05
"288",1,1,1,1,1,0,0,0,1,0,0,0,0,0,0,0,0,0,0,0,0,0,1,0,1,1,1,0,1,1,6569412.55405442,97943.7763863039,1441000,24000,0.001070449262903,0.000138006915164449,6.99699098355458e-06,1.29498775204316e-05
"289",1,1,1,1,1,0,1,0,0,1,0,0,0,0,0,0,0,0,0,0,0,0,1,0,1,1,0,0,1,0,6569590.52848484,98205.8667434344,1259000,78000,0.00103742593540143,0.000138645674905708,2.46691988656704e-05,1.21435110048664e-05
"290",1,1,1,1,1,0,0,0,1,1,0,0,0,0,0,0,0,0,0,0,0,1,1,0,1,1,0,0,1,1,6569722.78722658,97944.8996744895,1477000,30000,0.00105280359699954,0.000138009919851144,8.43668098787404e-06,1.07141821959325e-05
"291",1,1,1,1,0,0,1,0,1,0,0,0,0,0,0,0,1,0,1,0,0,0,1,0,0,1,1,0,1,0,6569818.22929504,96962.8648713664,1618000,96000,0.000967737032394088,8.55026193937181e-05,6.91604071493697e-06,1.21015776686682e-05
"292",1,1,1,1,1,0,0,1,1,1,0,0,0,0,0,0,0,0,0,0,0,0,1,0,0,1,1,0,1,0,6570016.755536,97983.65202976,1410000,78000,0.0010393119537214,0.000137991447786304,8.03596342065472e-06,1.18794081717982e-05
"293",1,1,1,1,1,0,0,0,0,0,0,0,0,0,0,0,0,0,0,1,0,1,1,0,1,1,0,0,1,0,6570121.42486627,97963.6111675582,1476000,0,0.00107993464821858,0.000137033452174788,9.54933701944553e-06,1.08744459339875e-05
"294",1,1,1,1,0,0,0,1,0,0,0,0,0,0,0,0,0,0,0,0,0,0,1,0,0,1,1,1,1,0,6570434.55944694,96825.4332516871,1522000,48000,0.000984141569019928,0.000138445898716752,6.76541401763327e-06,1.20865326700207e-05
"295",1,1,1,1,1,0,0,0,0,1,0,0,0,0,0,0,0,0,0,0,0,0,1,1,1,1,1,0,1,1,6570480.7198654,97851.9678568974,1509000,6000,0.00106083445372583,0.000137995662784901,5.01739352305951e-06,1.27471347037692e-05
"296",1,1,1,1,1,0,0,0,0,1,0,0,0,0,0,0,0,0,0,1,0,0,1,0,0,1,0,0,1,0,6570558.930536,98224.85912976,1255000,6000,0.00106305124054002,0.000137651755696736,3.33065531420544e-05,1.31753396350711e-05
"297",1,1,1,1,0,0,1,0,1,0,0,0,0,0,0,0,0,0,1,0,0,0,1,1,0,1,0,0,1,0,6570731.48092571,97129.7804738286,1362000,96000,0.00096744877962876,0.000133319252136717,2.1789154334142e-05,1.18882757736618e-05
"298",1,1,1,1,0,0,0,0,1,0,0,0,0,0,0,0,1,0,1,0,0,0,1,1,0,1,1,0,0,0,6570761.57894359,96964.1726737094,1630000,24000,0.000991952748081402,8.55015268725062e-05,1.38217022137035e-05,1.28456961667199e-05
"299",1,1,1,1,0,0,0,0,0,0,0,0,0,0,0,0,1,1,0,0,0,0,1,0,0,1,0,0,1,0,6570821.32507296,97200.709832847,1502000,0,0.001,8.33485430572524e-05,3.21830704930556e-05,1.32459795238507e-05
"300",1,1,1,1,0,0,1,0,0,0,0,0,0,0,0,0,0,0,0,0,0,0,1,1,0,1,0,0,0,0,6571388.8002432,97227.265331712,1254000,72000,0.000975315566144827,0.000139035320515795,3.44473088045232e-05,1.18880256645043e-05
"301",1,1,1,1,0,0,1,1,0,0,0,0,0,0,0,0,0,0,0,0,0,0,1,1,0,1,1,0,1,0,6571489.35494698,96891.8435003535,1478000,120000,0.000959556116754681,0.000138372170857871,4.53109440263162e-06,1.07663073894406e-05
"302",1,1,1,1,1,0,0,0,0,0,0,0,0,0,0,0,0,0,0,1,0,1,1,0,0,1,0,0,1,0,6571541.03730816,97983.6784179456,1459000,0,0.00108155669320674,0.00013700600185971,1.1426462071688e-05,1.09671718432674e-05
"303",1,1,1,1,1,0,0,1,0,1,0,0,0,0,0,0,0,0,0,0,0,0,1,0,1,1,1,0,1,1,6571588.24045442,97943.7763863039,1441000,54000,0.00104477699315291,0.000138006915164449,7.56882671610814e-06,1.19865667035775e-05
"304",1,1,1,1,1,0,0,0,0,1,0,0,0,0,0,0,0,0,1,0,0,1,1,0,1,1,0,0,1,0,6571612.4621706,97960.213852196,1515000,6000,0.0010620195300303,0.000132208787991738,9.49817639363499e-06,1.08715733344297e-05
"305",1,1,1,1,1,0,0,0,1,1,0,0,0,0,0,0,0,0,1,1,0,0,1,0,0,1,1,0,1,0,6571628.5574496,97978.082950336,1475000,30000,0.00105524874025785,0.00013121054301486,8.41617275617035e-06,1.29993807616205e-05
"306",1,1,1,1,0,0,0,1,1,0,0,0,0,0,0,0,0,0,0,0,0,1,1,1,0,1,0,0,0,0,6571674.54701536,96986.0846198976,1458000,72000,0.000975786907208948,0.000138386365076434,1.48967367581011e-05,9.46021159562311e-06
"307",1,1,1,1,1,0,0,0,0,0,0,0,0,0,0,0,0,0,1,0,0,0,1,0,1,1,1,0,1,0,6571821.31539844,97959.0905640104,1479000,0,0.00108002611768096,0.000132205717253709,8.10579837939773e-06,1.31069775082074e-05
"308",1,1,1,1,0,0,0,0,1,0,0,0,0,0,0,0,1,1,1,0,0,0,1,0,0,1,1,0,1,0,6571840.518832,96954.2698744534,1722000,24000,0.000991954623915736,7.76705213735792e-05,7.06055813166722e-06,1.30683657886795e-05
"309",1,1,1,1,1,0,0,1,1,1,0,0,0,0,0,0,0,0,0,0,0,0,1,0,0,1,1,0,1,1,6571905.535536,97963.46002976,1424000,78000,0.00103804212706366,0.000137999278494953,6.63652045094987e-06,1.18806200217039e-05
"310",1,1,1,0,0,0,0,1,0,0,0,0,0,0,0,0,0,0,0,0,0,0,1,0,0,1,0,0,0,0,6572132.955536,93321.31602976,1186000,48000,0.000983207017725165,0.0001385763955456,2.98077924516863e-05,1.22094938766359e-05
"311",1,1,1,1,0,0,0,0,1,0,0,0,0,0,0,0,1,0,0,0,0,0,1,0,0,1,1,1,1,0,6572436.95509238,96809.1182727175,1678000,24000,0.000991933321840614,9.13436921562497e-05,5.80549201596282e-06,1.30341427206786e-05
"312",1,1,1,1,1,0,0,0,0,1,0,0,0,0,0,0,0,0,0,1,0,0,1,0,0,1,0,0,1,1,6572444.38824528,98204.6892783648,1269000,6000,0.00106179079823927,0.000137679411259036,3.19172692526689e-05,1.31768133481413e-05
"313",1,1,1,1,1,0,0,0,1,1,0,0,0,0,0,0,1,0,0,1,0,0,1,0,1,1,1,0,1,0,6572528.80493955,97946.172900403,1596000,30000,0.00105398734949016,9.04748028469497e-05,7.10494510881578e-06,1.29435647660086e-05
"314",1,1,1,1,0,0,1,0,0,0,0,0,0,0,0,0,1,0,1,0,0,0,1,1,0,1,0,0,1,0,6572660.16892571,97113.1292738286,1518000,72000,0.00097532084716123,8.5395970046341e-05,2.1844181901879e-05,1.18992373162448e-05
"315",1,1,1,1,0,0,0,1,1,0,0,0,0,0,0,0,0,1,0,0,0,1,1,0,0,1,0,0,1,0,6572753.71184512,96976.1803210326,1550000,72000,0.000975804860546147,0.000130560566898578,8.1299046999881e-06,9.68398348526795e-06
"316",1,1,1,1,1,0,0,0,0,1,0,0,0,0,0,0,1,0,0,1,0,1,1,0,0,1,0,0,1,0,6572811.5179548,97967.3618803013,1615000,6000,0.00106321696431478,9.04559863121553e-05,1.08139232714997e-05,1.09279801246503e-05
"317",1,1,1,1,1,0,0,0,0,1,0,0,0,0,0,0,0,0,1,1,0,0,1,0,1,1,1,0,1,1,6573193.48142902,97938.2510464732,1506000,6000,0.00106071418830247,0.000131262686788809,7.94963040233106e-06,1.31068755612209e-05
"318",1,1,1,1,1,0,0,0,0,0,0,0,0,0,0,0,0,0,1,0,0,0,1,0,0,1,1,0,1,0,6573237.6224496,97979.179850336,1462000,0,0.00108164999964503,0.000132199113913324,9.98536696894882e-06,1.31993517523093e-05
"319",1,1,1,1,0,0,0,0,0,0,0,0,0,0,0,0,0,0,1,0,0,1,1,1,0,1,0,0,0,0,6573410.95887031,96981.6109408646,1510000,0,0.001,0.000132532506254106,1.91368976697333e-05,1.0603035266223e-05
"320",1,1,1,1,0,0,0,1,0,0,0,0,0,0,0,0,0,1,0,0,0,0,1,1,0,1,1,0,1,0,6573511.64448394,96883.2485034404,1582000,48000,0.000983842158156848,0.000130539021750891,4.67613408899678e-06,1.17362749627334e-05
"321",1,1,1,1,1,0,0,0,1,1,0,0,0,0,0,0,0,0,1,1,0,0,1,0,0,1,1,0,1,1,6573514.01515888,97957.9130989408,1489000,30000,0.00105398351608301,0.000131236941980682,7.0182639643427e-06,1.30008219567762e-05
"322",1,1,1,1,0,0,1,1,0,0,0,0,0,0,0,0,1,0,1,0,0,0,1,0,0,1,0,0,1,0,6573783.4624496,97204.832650336,1450000,120000,0.000959222058637655,8.53196525074201e-05,2.4395748776295e-05,1.11332726051144e-05
"323",1,1,1,1,1,0,0,0,0,1,0,0,0,0,0,0,0,0,0,0,0,1,1,1,0,1,0,0,1,0,6574313.54171914,97892.9667885391,1514000,6000,0.00106333447849622,0.000137983192071575,7.8847042011326e-06,1.05649815712354e-05
"324",1,1,1,0,0,0,0,1,0,0,0,0,0,0,0,0,1,0,0,0,0,1,1,0,0,1,0,0,0,0,6574385.5429548,93063.8187803013,1546000,48000,0.000983160553408499,8.88964341288522e-05,6.12034269608691e-06,9.84104835239765e-06
"325",1,1,1,1,1,0,0,0,0,1,0,0,0,0,0,0,1,0,1,0,0,0,1,0,0,1,1,0,1,0,6574507.86929504,97962.8648713664,1618000,6000,0.00106328928832513,8.56506079261616e-05,9.37388680304684e-06,1.31573873565299e-05
"326",1,1,1,1,1,0,0,0,0,1,0,0,0,0,0,0,1,0,0,1,0,1,1,0,0,1,0,0,1,1,6574696.97566408,97947.1920289061,1629000,6000,0.00106195324251418,9.0473995753886e-05,9.41635522648495e-06,1.0928994922775e-05
"327",1,1,1,1,1,0,0,0,0,0,0,0,0,0,0,0,0,0,0,0,0,1,1,0,1,1,0,0,1,1,6574816.86082658,97944.8996744895,1477000,0,0.00107842159089323,0.000138009919851144,9.39439836009021e-06,1.0876389670468e-05
"328",1,1,1,1,1,0,0,0,0,1,0,0,0,0,1,0,0,0,0,0,0,0,1,0,0,1,1,0,1,0,6574903.155536,97983.65202976,1410000,50000,0.00106327586155002,0.000136991280942449,8.00455815055704e-06,1.31216417678645e-05
"329",1,1,1,1,1,0,0,0,0,0,0,0,0,0,0,0,1,0,0,1,0,0,1,0,0,1,1,0,1,1,6574958.45509072,97946.0702993952,1593000,0,0.00107994058327102,9.04748944790376e-05,7.98975917219145e-06,1.31987675462283e-05
"330",1,1,1,1,0,0,0,0,0,0,0,0,0,0,0,0,0,1,1,0,0,0,1,0,0,1,0,0,1,0,6574992.47198656,97212.888853423,1398000,0,0.001,0.000125390699341016,3.22096154028796e-05,1.32472857204887e-05
"331",1,1,1,1,1,0,1,0,0,1,0,0,0,0,0,0,0,0,0,1,0,0,1,0,0,1,0,0,1,0,6575010.930536,98224.85912976,1255000,78000,0.00103861750735615,0.000137651755696736,2.59764331868927e-05,1.21979903077162e-05
"332",1,1,1,1,1,0,0,1,1,1,0,0,0,0,0,0,0,0,0,0,0,0,1,0,1,1,1,0,1,0,6575141.88848484,97963.5627434344,1427000,78000,0.00103804858780597,0.000137999238653144,6.72054001599273e-06,1.18247981870416e-05
"333",1,1,1,1,0,0,0,1,1,0,0,0,0,0,0,0,0,0,0,0,0,0,1,1,0,1,0,0,1,0,6575228.98694698,97134.1475003535,1310000,72000,0.000976015545922589,0.000139024809205392,2.88135941535018e-05,1.17467178660157e-05
"334",1,1,1,1,0,0,1,0,0,0,0,0,0,0,0,0,1,1,0,0,0,0,1,0,0,1,0,0,1,0,6575273.32507296,97200.709832847,1502000,72000,0.000975343083768406,8.33485430572524e-05,2.47859956235773e-05,1.22597028745869e-05
"335",1,1,1,1,1,0,0,1,0,1,0,0,0,0,0,0,0,0,0,0,0,1,1,0,0,1,0,0,1,0,6575421.06230816,97984.7753179456,1446000,54000,0.00104728139426778,0.000137994451427536,1.04323832434922e-05,9.8067764151155e-06
"336",1,1,1,1,0,0,0,0,0,0,0,0,0,0,0,0,0,0,0,0,0,0,1,0,0,1,0,1,1,0,6575588.90824694,97067.7372516871,1354000,0,0.001,0.000139098799533766,3.0996605919834e-05,1.32136056750077e-05
"337",1,1,1,1,1,0,0,0,0,1,0,0,0,0,0,0,0,0,0,1,0,0,1,0,1,1,0,0,1,0,6575680.75809411,98204.7918793726,1272000,6000,0.00106179721123031,0.000137679270550593,3.20009640858667e-05,1.31211883599449e-05
"338",1,1,1,1,1,0,0,0,1,0,0,0,0,0,0,0,0,0,0,0,0,1,1,0,0,1,0,0,1,1,6575706.10230816,97964.5833179456,1460000,24000,0.00107204170896225,0.000138002282665492,8.47279709640821e-06,1.08079296842281e-05
"339",1,1,1,1,1,0,0,0,0,1,0,0,0,0,0,0,0,0,0,0,0,1,1,1,0,1,0,0,1,1,6576202.32171914,97872.7747885391,1528000,6000,0.00106206843131938,0.000137991028332639,6.48393335398967e-06,1.05659233664189e-05
"340",1,1,1,1,1,0,0,0,0,1,0,0,0,0,0,0,1,0,1,0,0,0,1,0,0,1,1,0,1,1,6576396.64929504,97942.6728713664,1632000,6000,0.00106202413536313,8.56476496351914e-05,7.97442264652243e-06,1.3158862933633e-05
"341",1,1,1,1,1,0,0,0,0,0,0,0,0,0,0,0,0,0,0,0,0,0,1,1,0,1,1,0,1,1,6576464.03494698,97871.6515003535,1492000,0,0.0010800892176625,0.000137988021214869,5.05423160133526e-06,1.28405623467637e-05
"342",1,1,1,0,0,0,1,1,0,0,0,0,0,0,0,0,0,0,0,0,0,0,1,0,0,1,0,0,0,0,6576584.955536,93321.31602976,1186000,120000,0.000957489420694765,0.0001385763955456,2.20925133425662e-05,1.11807899954199e-05
"343",1,1,1,1,0,0,0,0,1,0,0,0,0,0,0,0,0,0,1,0,0,0,1,0,0,1,1,1,1,0,6576658.53516054,96820.9610722631,1574000,24000,0.000991943546568051,0.000132584295158776,5.80286928419832e-06,1.30356414226307e-05
"344",1,1,1,1,1,0,0,0,1,1,0,0,0,0,0,0,0,0,1,1,0,0,1,0,1,1,1,0,1,0,6576750.38500771,97958.0156999486,1492000,30000,0.001053989953407,0.000131236807665594,7.10219572102299e-06,1.29450570222459e-05
"345",1,1,1,1,0,0,1,1,1,0,0,0,0,0,0,0,0,0,0,0,0,1,1,0,0,1,0,0,1,0,6576767.18230816,96984.7753179456,1446000,144000,0.000951540486141442,0.000138386208291466,7.54820571745485e-06,9.61708971092962e-06
"346",1,1,1,1,1,0,1,0,0,1,0,0,0,0,0,0,0,0,0,1,0,0,1,0,0,1,0,0,1,1,6576896.38824528,98204.6892783648,1269000,78000,0.00103735204671288,0.000137679411259036,2.45856437947528e-05,1.21992632870858e-05
"347",1,1,1,1,1,0,0,0,0,1,0,0,0,0,0,0,0,0,1,1,0,1,1,0,0,1,0,0,1,0,6577032.86422176,97979.2062385216,1511000,6000,0.00106320932224051,0.000131213624566886,1.08116289710942e-05,1.09264357811251e-05
"348",1,1,1,1,0,0,0,1,0,0,0,0,0,0,0,0,1,0,0,0,0,0,1,1,0,1,0,0,1,0,6577157.67494698,97117.4963003535,1466000,48000,0.000983863430734403,9.110466029521e-05,2.88596227015266e-05,1.17562956022191e-05
"349",1,1,1,1,0,0,0,0,0,0,0,0,0,0,0,0,1,1,1,0,0,1,1,0,0,1,0,0,1,0,6577245.05940536,96955.3916039643,1758000,0,0.001,7.76697615956999e-05,9.47930580214081e-06,1.09766605095394e-05
"350",1,1,1,1,1,0,0,1,0,1,0,0,0,0,0,0,0,0,0,0,0,1,1,0,0,1,0,0,1,1,6577309.84230816,97964.5833179456,1460000,54000,0.00104601322479389,0.000138002282665492,9.03345025897917e-06,9.80756104999854e-06
"351",1,1,1,0,1,0,0,0,0,1,0,0,0,0,0,0,0,0,0,0,0,0,1,0,0,1,1,0,0,0,6577359.795536,94079.01202976,1354000,6000,0.001065902052607,0.000137493046790119,6.44505748300541e-06,1.32894675875859e-05
"352",1,1,1,1,0,0,0,1,1,0,0,0,0,0,0,0,1,0,0,0,0,1,1,1,0,1,0,0,1,0,6577481.57436578,96876.6502508948,1670000,72000,0.00097595179546323,9.13013232152897e-05,6.05578276097354e-06,9.47025859500023e-06
"353",1,1,1,1,1,0,0,1,0,0,0,0,0,0,0,0,0,0,0,0,0,0,1,0,0,1,1,0,1,1,6577571.555536,97963.46002976,1424000,48000,0.00106401693848036,0.000137999278494953,7.60511761535356e-06,1.20800596086077e-05
"354",1,1,1,1,1,0,0,0,1,1,0,0,0,0,0,0,1,0,0,0,0,0,1,0,1,1,1,0,1,1,6577743.32729986,97927.4614073343,1597000,30000,0.00105281299991082,9.14425482106094e-05,6.99654906366064e-06,1.29459577065786e-05
"355",1,1,1,1,0,0,0,0,0,0,0,0,0,0,0,0,1,0,0,0,0,1,1,0,0,1,0,1,1,0,6577841.49566574,96810.2400022284,1714000,0,0.001,9.1342772809691e-05,8.22898944482385e-06,1.09394864389906e-05
"356",1,1,1,1,1,0,0,0,0,1,0,0,0,0,0,0,1,0,0,1,0,1,1,0,1,1,0,0,1,0,6577933.34551292,97947.2946299139,1632000,6000,0.0010619596721944,9.04739041237889e-05,9.50029365809856e-06,1.08732260546167e-05
"357",1,1,1,1,1,0,0,0,0,0,0,0,0,0,0,0,1,0,0,1,0,0,1,0,1,1,1,0,1,0,6578141.96493955,97946.172900403,1596000,0,0.00107994887972666,9.04748028469497e-05,8.10967831241128e-06,1.3105823622759e-05
"358",1,1,1,1,0,0,1,1,1,0,0,0,0,0,0,0,1,0,0,0,0,0,1,0,0,1,1,0,1,0,6578751.96238144,96967.3370507904,1566000,144000,0.000951567738653087,9.13578164014988e-05,6.53042710722802e-06,1.09699872269376e-05
"359",1,1,1,1,1,0,0,0,1,0,0,0,0,0,0,0,0,0,0,0,0,1,1,0,1,1,0,0,1,0,6578889.595257,97964.68603162,1463000,24000,0.00107205002124048,0.00013800224282099,8.59282472700637e-06,1.07149037889615e-05
"360",1,1,1,1,1,0,0,0,0,1,0,0,0,0,0,0,0,0,1,1,0,1,1,0,0,1,0,0,1,1,6578918.32193104,97959.0363871264,1525000,6000,0.0010619457516647,0.000131240023864487,9.41422943550411e-06,1.09274501385676e-05
"361",1,1,1,1,1,0,0,0,0,0,0,0,0,0,0,0,0,0,1,1,0,0,1,0,0,1,1,0,1,1,6579180.03515888,97957.9130989408,1489000,0,0.00107993091870924,0.000131236941980682,7.98580711214762e-06,1.32000463344639e-05
"362",1,1,1,0,1,0,0,0,0,1,0,0,0,0,0,0,0,0,0,0,0,0,1,0,0,1,1,0,0,1,6579248.575536,94058.82002976,1368000,6000,0.00106458522016413,0.00013750109557917,4.98717826491702e-06,1.32910324480581e-05
"363",1,1,1,1,1,0,0,0,1,1,0,0,0,0,0,0,0,0,0,0,0,0,1,0,0,1,0,0,1,0,6579323.795536,98225.95602976,1242000,30000,0.00105516945030658,0.000138637771047503,3.23537059340335e-05,1.30162530630319e-05
"364",1,1,1,1,1,0,0,0,0,1,0,0,0,0,0,0,0,0,0,0,0,1,1,1,1,1,0,0,1,0,6579438.67466798,97872.8775022135,1531000,6000,0.00106207487283332,0.000137990988462572,6.5680309284617e-06,1.05100511891147e-05
"365",1,1,1,1,0,0,1,0,0,0,0,0,0,0,0,0,0,1,1,0,0,0,1,0,0,1,0,0,1,0,6579444.47198656,97212.888853423,1398000,72000,0.000975311915649182,0.000125390699341016,2.48031900976342e-05,1.2259762346456e-05
"366",1,1,1,1,1,0,0,0,0,0,0,0,0,0,0,0,1,0,0,1,0,0,1,0,0,1,1,0,1,0,6579561.57738144,97966.2401507904,1579000,0,0.00108157121052824,9.04568846460611e-05,9.98743239563214e-06,1.31981089656198e-05
"367",1,1,1,1,1,0,0,0,0,1,0,0,0,0,0,0,1,0,1,0,0,0,1,0,1,1,1,0,1,0,6579633.00224388,97942.7755850408,1635000,6000,0.00106203057232645,8.56476646866604e-05,8.05845864061937e-06,1.31030279109603e-05
"368",1,1,1,1,1,0,0,0,0,0,0,0,0,0,0,0,0,0,0,0,0,0,1,1,1,1,1,0,1,0,6579647.52789582,97871.7542140279,1495000,0,0.00108009752938782,0.000137987981347501,5.17437678903035e-06,1.27474459877594e-05
"369",1,1,1,1,0,0,1,1,1,0,0,0,0,0,0,0,0,0,0,0,0,0,1,1,0,1,0,0,1,0,6579680.98694698,97134.1475003535,1310000,144000,0.00095130744828894,0.000139024809205392,2.14011648634071e-05,1.07583939606698e-05
"370",1,1,1,1,0,0,0,1,1,0,0,0,0,0,0,0,1,0,0,0,0,0,1,1,0,1,1,0,0,0,6579695.08708864,96968.6463527424,1578000,72000,0.00097578255286972,9.13586082071839e-05,1.34435267097839e-05,1.17138291445301e-05
"371",1,1,1,1,1,0,0,0,1,0,0,0,0,0,0,0,0,0,0,1,0,0,1,0,1,1,1,0,1,1,6579951.52811542,97942.7232258972,1454000,24000,0.00107036399787662,0.00013705748395012,6.99706278003224e-06,1.29500092411513e-05
"372",1,1,1,1,0,0,1,0,0,0,0,0,0,0,0,0,0,0,0,0,0,0,1,0,0,1,0,1,1,0,6580040.90824694,97067.7372516871,1354000,72000,0.000975274997976134,0.000139098799533766,2.35791053126744e-05,1.22246055940531e-05
"373",1,1,1,0,0,0,0,0,0,0,0,0,0,0,0,0,0,1,0,0,0,1,1,0,0,1,0,0,0,0,6580096.75184512,93071.5403210326,1494000,0,0.001,0.000129745022342173,6.52527553580499e-06,1.10159086184309e-05
"374",1,1,1,1,1,0,1,0,0,1,0,0,0,0,0,0,0,0,0,1,0,0,1,0,1,1,0,0,1,0,6580132.75809411,98204.7918793726,1272000,78000,0.00103735848523669,0.000137679270550593,2.46693462877822e-05,1.21436393202003e-05
"375",1,1,1,1,1,0,0,0,1,1,0,0,0,0,0,0,0,0,0,1,0,1,1,0,1,1,0,0,1,1,6580261.76128758,97943.8465140828,1490000,30000,0.00105273749806536,0.000137060499557861,8.43676929633605e-06,1.07142928861442e-05
"376",1,1,1,1,1,0,0,0,1,0,0,0,0,0,0,0,0,0,0,0,0,1,1,0,0,1,0,0,1,0,6580305.90230816,97984.7753179456,1446000,24000,0.00107367544576772,0.000137994451427536,1.04721861305243e-05,1.08077631918712e-05
"377",1,1,1,1,1,0,0,0,1,1,0,0,0,0,0,0,0,0,0,0,0,0,1,1,0,1,1,0,1,0,6580455.82694698,97891.8435003535,1478000,30000,0.00105554531931827,0.000137980185484159,6.36851961483561e-06,1.27882091652991e-05
"378",1,1,1,1,1,0,0,1,0,1,0,0,0,0,0,0,0,0,0,0,0,1,1,0,1,1,0,0,1,0,6580546.195257,97964.68603162,1463000,54000,0.00104601967710461,0.00013800224282099,9.11746634750752e-06,9.75174202895738e-06
"379",1,1,1,1,1,0,0,1,1,1,0,0,0,0,0,0,0,0,0,1,0,0,1,0,0,1,1,0,1,0,6580562.290536,97982.55512976,1423000,78000,0.00103924298574329,0.000137002986853104,8.03448610306965e-06,1.18794739908903e-05
"380",1,1,1,1,1,0,0,1,0,0,0,0,0,0,0,0,0,0,0,0,0,0,1,0,1,1,1,0,1,0,6580755.04848484,97963.5627434344,1427000,48000,0.00106402525926777,0.000137999238653144,7.72514753198707e-06,1.19870313128565e-05
"381",1,1,1,1,0,0,0,1,1,0,0,0,0,0,0,0,1,1,0,0,0,0,1,0,0,1,1,0,1,0,6580774.2519184,96958.7420538774,1670000,72000,0.000975800508991076,8.35265986727707e-05,6.67532917549981e-06,1.19378714862783e-05
"382",1,1,1,1,1,0,0,0,0,1,0,0,0,0,0,0,0,0,0,0,0,0,1,0,1,1,0,0,1,1,6580895.28045442,98186.0803863039,1273000,6000,0.00106062744318901,0.000138653462742051,3.18975980302896e-05,1.31236088476253e-05
"383",1,1,1,1,1,0,0,0,0,1,0,0,0,0,0,0,0,0,0,1,0,0,1,1,1,1,1,0,1,1,6581019.6939264,97850.9146964907,1522000,6000,0.00106076837845098,0.000137045340646513,5.0174451139137e-06,1.27472673795877e-05
"384",1,1,1,1,1,0,0,0,0,0,0,0,0,0,0,0,0,0,0,0,0,0,1,1,0,1,1,0,1,0,6581063.83494698,97891.8435003535,1478000,0,0.00108172284547865,0.000137980185484159,7.05622386083131e-06,1.28399764283372e-05
"385",1,1,1,1,1,0,0,0,1,1,0,0,0,0,0,0,0,0,0,0,0,0,1,0,0,1,0,0,1,1,6581212.575536,98205.76402976,1256000,30000,0.00105390601714983,0.000138645715325323,3.09627157725152e-05,1.30176956685984e-05
"386",1,1,1,1,0,0,1,0,0,0,0,0,0,0,0,0,1,0,1,0,0,1,1,0,0,1,0,0,1,0,6581258.5298684,96963.9866008773,1654000,72000,0.000975779661785409,8.55017690774286e-05,8.8985956866639e-06,1.09109730183912e-05
"387",1,1,1,1,0,0,0,1,0,0,0,0,0,0,0,0,0,0,1,0,0,0,1,1,0,1,0,0,1,0,6581313.04892571,97129.7804738286,1362000,48000,0.000983865471554584,0.000133319252136717,2.88899715235271e-05,1.17582059401806e-05
"388",1,1,1,1,0,0,0,0,0,0,0,0,0,0,0,0,1,0,1,0,0,0,1,1,0,1,1,0,0,0,6581431.49894359,96964.1726737094,1630000,0,0.001,8.55015268725062e-05,1.76843831346307e-05,1.28569623194059e-05
"389",1,1,1,1,1,0,0,0,1,1,0,0,0,0,0,0,1,0,0,0,0,1,1,0,0,1,0,0,1,0,6581576.3829548,97968.4587803013,1602000,30000,0.00105531445597355,9.14451217005758e-05,9.85882346736506e-06,1.07685005768865e-05
"390",1,1,1,1,0,0,1,1,0,0,0,0,0,0,0,0,1,0,0,0,0,0,1,1,0,1,0,0,1,0,6581609.67494698,97117.4963003535,1466000,120000,0.000959185387628886,9.110466029521e-05,2.14562097698716e-05,1.07691738779984e-05
"391",1,1,1,1,0,0,0,1,1,0,0,0,0,0,0,0,0,0,1,0,0,1,1,1,0,1,0,0,1,0,6581687.14769787,96888.5997620142,1566000,72000,0.000975963775919086,0.00013265541497987,6.05752844292636e-06,9.46930744121072e-06
"392",1,1,1,1,1,0,0,0,1,1,0,0,0,0,0,0,0,0,1,0,0,0,1,0,1,1,1,0,1,1,6581964.90736802,97939.3042068799,1493000,30000,0.00105281574632724,0.000132212223669375,6.9938122578184e-06,1.29474499585604e-05
"393",1,1,1,1,0,0,0,0,0,0,0,0,0,0,0,0,0,0,1,0,0,1,1,0,0,1,0,1,1,0,6582062.8419327,96822.0843604487,1610000,0,0.001,0.000132587397600785,8.22698394316925e-06,1.09379222314168e-05
"394",1,1,1,1,1,0,0,1,0,1,0,0,0,0,0,0,0,0,0,1,0,0,1,0,1,1,1,0,1,1,6582127.21451542,97942.7232258972,1454000,54000,0.00104471080715204,0.00013705748395012,7.56890569370276e-06,1.19866910767794e-05
"395",1,1,1,1,1,0,0,0,0,1,0,0,0,0,0,0,0,0,1,1,0,1,1,0,1,1,0,0,1,0,6582154.69177987,97959.1389881342,1528000,6000,0.00106195218057534,0.000131239889547712,9.49815772024675e-06,1.08716880151086e-05
"396",1,1,1,1,1,0,0,1,0,0,0,0,0,0,0,0,0,0,0,0,0,0,1,0,0,1,1,0,1,0,6582171.355536,97983.65202976,1410000,48000,0.00106565234772117,0.000137991447786304,9.60470837775547e-06,1.20796309599225e-05
"397",1,1,1,1,1,0,0,0,0,1,0,0,0,0,0,0,1,0,0,0,0,0,1,1,0,1,1,0,1,0,6582334.08179242,97875.5285213839,1634000,6000,0.00106334576266064,9.13911069595204e-05,6.4437097965125e-06,1.27979146821971e-05
"398",1,1,1,1,0,0,0,1,0,0,0,0,0,0,0,0,0,0,0,0,0,1,1,1,0,1,0,0,0,0,6582344.46701536,96986.0846198976,1458000,48000,0.000983841566425804,0.000138386365076434,1.87629731821918e-05,9.47148811852671e-06
"399",1,1,1,1,1,0,0,0,1,1,0,0,0,0,0,0,0,0,0,0,0,0,1,1,0,1,1,0,1,1,6582344.60694698,97871.6515003535,1492000,30000,0.00105427765062146,0.000137988021214869,4.9674198852429e-06,1.27896096476387e-05
"400",1,1,1,1,1,0,0,0,0,0,0,0,0,0,0,0,0,0,1,1,0,0,1,0,1,1,1,0,1,0,6582363.54500772,97958.0156999486,1492000,0,0.00107993921417198,0.000131236807665594,8.10571175868009e-06,1.31071136462676e-05
"401",1,1,1,1,1,0,0,1,1,1,0,0,0,0,0,0,0,0,0,1,0,0,1,0,0,1,1,0,1,1,6582447.74824528,97962.3852783648,1437000,78000,0.00103797452384226,0.000137030577242248,6.63656254165331e-06,1.18806845383504e-05
"402",1,1,1,0,1,0,0,0,0,1,0,0,0,0,0,0,0,0,0,0,0,0,1,0,1,1,1,0,0,0,6582484.92848484,94058.9227434344,1371000,6000,0.00106459192012387,0.000137501054627443,5.07468751020362e-06,1.32328917580361e-05
"403",1,1,1,1,0,0,0,0,0,0,0,0,0,0,0,0,0,1,0,0,0,0,1,1,0,1,0,0,1,0,6582818.68448394,97125.5525034404,1414000,0,0.001,0.00013121125960376,2.92773465338756e-05,1.28851181375234e-05
"404",1,1,1,1,1,0,0,0,0,0,0,0,0,0,0,0,1,0,0,0,0,0,1,0,1,1,1,0,1,1,6582837.40089986,97927.4614073343,1597000,0,0.00107843555568546,9.14425482106094e-05,7.95443697977895e-06,1.31081940659359e-05
"405",1,1,1,1,0,0,1,1,1,0,0,0,0,0,0,0,0,0,1,0,0,0,1,0,0,1,1,0,1,0,6582973.5424496,96979.179850336,1462000,144000,0.000951549229666424,0.000132531134806499,6.52751824940676e-06,1.09703896979773e-05
"406",1,1,1,1,1,0,0,0,0,1,0,0,0,0,0,0,1,0,0,0,0,1,1,0,1,1,0,0,1,1,6583147.86787322,97928.5831368452,1633000,6000,0.00106078685936111,9.1441638230623e-05,9.39235654063725e-06,1.08752233822671e-05
"407",1,1,1,1,0,0,0,0,1,0,0,0,0,0,0,0,0,1,0,0,0,1,1,1,0,1,0,0,1,0,6583192.7832561,96884.371791626,1618000,24000,0.000992129109370098,0.000130542145911452,6.4447848355533e-06,1.05989124291304e-05
"408",1,1,1,1,0,0,1,0,1,0,0,0,0,0,0,0,0,0,0,0,0,0,1,1,0,1,1,0,0,0,6583384.2402432,96984.961331712,1422000,96000,0.000967698816214653,0.000138383335044754,1.36842664129563e-05,1.18764692580415e-05
"409",1,1,1,1,1,0,0,1,0,1,0,0,0,0,0,0,1,0,0,0,0,0,1,0,0,1,1,0,1,0,6583441.60238144,97967.3370507904,1566000,54000,0.00104728981039513,9.14460313500589e-05,8.99319273280508e-06,1.20374820072345e-05
"410",1,1,1,1,1,0,0,0,1,1,0,0,0,0,0,0,1,0,0,0,0,1,1,0,0,1,0,0,1,1,6583465.1629548,97948.2667803013,1616000,30000,0.00105404773125669,9.14433581154885e-05,8.4595392049496e-06,1.07694836015669e-05
"411",1,1,1,1,0,0,0,1,0,0,0,0,0,0,0,0,1,0,1,0,0,1,1,1,0,1,0,0,1,0,6583565.63634451,96872.28322437,1722000,48000,0.000983822584192402,8.55784487579339e-05,6.13133722272577e-06,9.48167458238971e-06
"412",1,1,1,1,1,0,0,0,1,0,0,0,0,0,0,0,1,0,0,0,0,0,1,0,0,1,1,0,1,1,6583726.64238144,97947.1450507904,1580000,24000,0.00107205453508972,9.14442679323004e-05,7.03296101385166e-06,1.30392733836187e-05
"413",1,1,1,1,1,0,1,0,1,1,0,0,0,0,0,0,0,0,0,0,0,0,1,0,0,1,0,0,1,0,6583775.795536,98225.95602976,1242000,102000,0.00103073598997688,0.000138637771047503,2.50236678351235e-05,1.20389146498439e-05
"414",1,1,1,1,1,0,0,0,0,0,0,0,0,0,0,0,0,0,1,1,0,0,1,0,0,1,1,0,1,0,6583783.1574496,97978.082950336,1475000,0,0.00108156135085895,0.00013121054301486,9.98323968655366e-06,1.31993875702068e-05
"415",1,1,1,1,0,0,0,1,1,0,0,0,0,0,0,0,0,0,1,0,0,0,1,1,0,1,1,0,0,0,6583916.89209815,96980.487652679,1474000,72000,0.000975794735751971,0.000132529408279626,1.34322251268983e-05,1.17157441036563e-05
"416",1,1,1,1,0,0,0,1,0,0,0,0,0,0,0,0,0,1,0,0,0,0,1,0,0,1,0,0,1,0,6583926.20507296,97217.361032847,1346000,48000,0.000983897688746761,0.000131229003004804,3.18253583793796e-05,1.21199745515791e-05
"417",1,1,1,0,0,0,1,0,0,0,0,0,0,0,0,0,0,0,0,0,0,1,1,0,0,1,0,0,0,0,6584110.22230816,93080.1353179456,1390000,72000,0.000974733987551652,0.000137899018672522,5.91976613078263e-06,1.09473784687034e-05
"418",1,1,1,1,1,0,0,0,0,1,0,0,0,0,0,0,1,0,0,0,0,0,1,1,0,1,1,0,1,1,6584222.86179242,97855.3365213839,1648000,6000,0.00106207949219686,9.13893305539154e-05,5.0423919830295e-06,1.27993174007217e-05
"419",1,1,1,1,1,0,0,0,1,1,0,0,0,0,0,0,0,0,0,0,0,0,1,0,1,1,0,0,1,0,6584448.92848484,98205.8667434344,1259000,30000,0.00105391244535943,0.000138645674905708,3.10465025927094e-05,1.29620103742575e-05
"420",1,1,1,1,0,0,1,0,1,0,0,0,0,0,0,0,0,1,0,0,0,0,1,0,0,1,1,0,1,0,6584463.40507296,96975.057032847,1514000,96000,0.000967698217502064,0.000130557445909108,6.91680671142432e-06,1.20992496838875e-05
"421",1,1,1,1,1,0,0,0,0,1,0,0,0,0,0,0,0,0,0,1,0,1,1,1,0,1,0,0,1,0,6584859.07671914,97891.8698885391,1527000,6000,0.00106326571580512,0.000136993815353703,7.88322382009455e-06,1.05650327228611e-05
"422",1,1,1,1,0,0,0,1,1,0,0,0,0,0,0,0,0,1,1,0,0,0,1,0,0,1,1,0,1,0,6584995.83198656,96970.584853423,1566000,72000,0.000975812688206121,0.000124704522887739,6.67260425930392e-06,1.19395017609031e-05
"423",1,1,1,1,1,0,0,0,0,1,0,0,0,0,0,0,1,0,1,1,0,0,1,0,0,1,1,0,1,0,6585053.40429504,97961.7679713664,1631000,6000,0.00106322057419186,8.46613511726852e-05,9.37242415300966e-06,1.31574674994097e-05
"424",1,1,1,1,0,0,0,0,0,0,0,0,0,0,0,0,1,1,0,0,0,1,1,1,0,1,0,0,1,0,6585071.27190274,96868.0552539817,1774000,0,0.001,8.34627689747258e-05,6.51874862451164e-06,1.06114830047397e-05
"425",1,1,1,1,1,0,0,1,0,1,0,0,0,0,0,0,1,0,0,0,0,0,1,0,0,1,1,0,1,1,6585330.38238144,97947.1450507904,1580000,54000,0.00104602141687448,9.14442679323004e-05,7.59371399372331e-06,1.20387266462347e-05
"426",1,1,1,1,1,0,1,0,0,1,0,0,0,0,0,0,0,0,0,0,0,0,1,0,1,1,0,0,1,1,6585347.28045442,98186.0803863039,1273000,78000,0.00103618405986464,0.000138653462742051,2.45645830329781e-05,1.21458735146504e-05
"427",1,1,1,1,1,0,0,0,0,0,0,0,0,0,0,0,0,0,0,1,0,1,1,0,1,1,0,0,1,1,6585355.83488758,97943.8465140828,1490000,0,0.00107833641256875,0.000137060499557861,9.39449593433716e-06,1.08764990940925e-05
"428",1,1,1,1,0,0,0,0,1,0,0,0,0,0,0,0,0,1,0,0,0,0,1,1,0,1,1,0,0,0,6585406.52978016,96976.366334799,1526000,24000,0.000991944533602203,0.000130557708407848,1.38295526513406e-05,1.28443630333208e-05
"429",1,1,1,1,1,0,0,0,1,1,0,0,0,0,0,0,0,0,0,0,0,0,1,1,1,1,1,0,1,0,6585580.95989582,97871.7542140279,1495000,30000,0.00105428410038553,0.000137987981347501,5.05152001645343e-06,1.27337344953848e-05
"430",1,1,1,1,1,0,1,0,1,1,0,0,0,0,0,0,0,0,0,0,0,0,1,0,0,1,0,0,1,1,6585664.575536,98205.76402976,1256000,102000,0.00102946753307803,0.000138645715325323,2.3631170550976e-05,1.20401563057265e-05
"431",1,1,1,1,1,0,0,1,1,1,0,0,0,0,0,0,0,0,0,1,0,0,1,0,1,1,1,0,1,0,6585684.11809412,97962.4878793726,1440000,78000,0.00103798097763939,0.000137030436865328,6.7204908664595e-06,1.18249233227744e-05
"432",1,1,1,1,0,0,1,1,0,0,0,0,0,0,0,0,0,0,1,0,0,0,1,1,0,1,0,0,1,0,6585765.04892571,97129.7804738286,1362000,120000,0.000959156263026653,0.000133319252136717,2.14772089651478e-05,1.07698375990633e-05
"433",1,1,1,1,1,0,0,0,1,1,0,0,0,0,0,0,0,0,1,0,0,1,1,0,0,1,0,0,1,0,6585797.72922176,97980.3031385216,1498000,30000,0.00105531689801186,0.00013220218409745,9.85774009776104e-06,1.07671581039817e-05
"434",1,1,0,1,0,0,0,0,1,0,0,0,0,0,0,0,0,0,0,0,0,0,0,0,0,1,1,0,1,0,6585963.8,89147.936,1274000,24000,0.000991240088833913,0.000141756892722676,6.2775769031826e-06,1.11436989410501e-05
"435",1,1,1,1,1,0,0,1,0,1,0,0,0,0,0,0,0,0,0,1,0,1,1,0,0,1,0,0,1,0,6585966.59730816,97983.6784179456,1459000,54000,0.00104721251629599,0.00013700600185971,1.04309327700958e-05,9.80681903091761e-06
"436",1,1,1,0,0,0,1,0,0,0,0,0,0,0,0,0,1,0,0,0,0,0,1,0,0,1,1,0,0,0,6586095.00238144,93062.6970507904,1510000,72000,0.000974766729542295,8.88973609986097e-05,4.85897935118145e-06,1.23572889002597e-05
"437",1,1,1,1,0,0,0,1,0,0,0,0,0,0,0,0,1,1,0,0,0,1,1,0,0,1,0,0,1,0,6586178.79249176,96959.8637833883,1706000,48000,0.00098385492568279,8.35257711809259e-05,9.0950767169666e-06,9.84646025981846e-06
"438",1,1,1,1,1,0,0,0,1,0,0,0,0,0,0,0,0,0,0,1,0,1,1,0,0,1,0,0,1,1,6586248.31501744,97963.5085665504,1473000,24000,0.00107195473183823,0.000137033592553256,8.47284616717946e-06,1.0807938547973e-05
"439",1,1,1,1,1,0,0,0,0,1,0,0,0,0,0,0,0,0,1,0,0,0,1,1,0,1,1,0,1,0,6586539.88892571,97887.4764738286,1530000,6000,0.0010633380308017,0.000132318745559216,6.44330445158457e-06,1.27996547800211e-05
"440",1,1,1,1,1,0,0,0,1,1,0,0,0,0,0,0,1,0,0,0,0,1,1,0,1,1,0,0,1,0,6586701.51590364,97948.3694939757,1619000,30000,0.00105405417621686,9.14433670884212e-05,8.54356989096632e-06,1.0713654273302e-05
"441",1,1,1,1,1,0,0,0,0,1,0,0,0,0,0,0,0,0,0,1,0,1,1,1,0,1,0,0,1,1,6586744.53442842,97871.7000371439,1541000,6000,0.001062001029297,0.000137021429417243,6.4839738080996e-06,1.05659735058617e-05
"442",1,1,1,1,1,0,0,0,0,0,0,0,0,0,0,0,0,0,0,0,0,0,1,0,0,1,0,0,1,1,6586878.595536,98205.76402976,1256000,0,0.0010798167406714,0.000138645715325323,3.1928923108077e-05,1.32166431763442e-05
"443",1,1,1,1,1,0,0,0,1,0,0,0,0,0,0,0,1,0,0,0,0,0,1,0,1,1,1,0,1,0,6586910.13533028,97947.2477644648,1583000,24000,0.00107206284883439,9.14442769043817e-05,7.15301152375265e-06,1.29462285863414e-05
"444",1,1,1,1,1,0,0,0,0,1,0,0,0,0,0,0,1,0,1,1,0,0,1,0,0,1,1,0,1,1,6586938.86200432,97941.5981199712,1645000,6000,0.00106195678095753,8.46781683101375e-05,7.97447942748236e-06,1.3158941490631e-05
"445",1,1,1,1,1,0,0,0,0,0,0,0,0,0,0,0,0,0,0,1,0,0,1,1,0,1,1,0,1,1,6587006.24765626,97870.5767489583,1505000,0,0.00108000224632294,0.000137018411138091,5.05424317822509e-06,1.28405935399828e-05
"446",1,1,1,1,1,0,0,0,0,0,0,0,0,0,0,0,0,0,1,0,0,0,1,0,1,1,1,0,1,1,6587058.98096802,97939.3042068799,1493000,0,0.00107842607127498,0.000132212223669375,7.95048843997848e-06,1.31094840492725e-05
"447",1,1,1,1,1,0,1,0,0,1,0,0,0,0,0,0,0,0,0,0,0,0,1,0,0,1,1,0,1,0,6587130.755536,97983.65202976,1410000,78000,0.00103927656012282,0.000137991447786304,9.23221972785225e-06,1.2198410533612e-05
"448",1,1,1,1,0,0,1,0,1,0,0,0,0,0,0,0,0,0,0,0,0,1,1,1,0,1,0,0,1,0,6587206.25371914,96892.9667885391,1514000,96000,0.000967858037017769,0.000138375203930954,5.86310994823718e-06,1.05331159968367e-05
"449",1,1,1,1,0,0,1,0,0,0,0,0,0,0,0,0,0,1,0,0,0,0,1,1,0,1,0,0,1,0,6587270.68448394,97125.5525034404,1414000,72000,0.000975289715856031,0.00013121125960376,2.18642612906848e-05,1.18967067717646e-05
"450",1,1,1,1,1,0,0,0,0,1,0,0,0,0,0,0,0,0,1,0,0,1,1,0,1,1,0,0,1,1,6587369.21414018,97940.4274950655,1529000,6000,0.00106077950814409,0.000132215294953145,9.39023324801612e-06,1.08736848073715e-05
"451",1,1,1,1,1,0,0,0,0,1,0,0,0,0,0,0,1,0,0,0,0,0,1,1,1,1,1,0,1,0,6587459.21474126,97855.4392350583,1651000,6000,0.00106208593484709,9.13893395920793e-05,5.12650605716669e-06,1.27434329224757e-05
"452",1,1,1,1,1,0,0,1,0,1,0,0,0,0,0,0,0,0,1,0,0,0,1,0,0,1,1,0,1,0,6587663.1824496,97979.179850336,1462000,54000,0.00104728409444869,0.000132199113913324,8.98912024498205e-06,1.2038900883152e-05
"453",1,1,1,1,1,0,0,0,1,1,0,0,0,0,0,0,0,0,1,0,0,1,1,0,0,1,0,0,1,1,6587686.50922176,97960.1111385216,1512000,30000,0.00105405032695806,0.000132208821763473,8.45862479951338e-06,1.07681407330877e-05
"454",1,1,1,1,1,0,0,1,0,1,0,0,0,0,0,0,0,0,0,1,0,1,1,0,0,1,0,0,1,1,6587852.05501744,97963.5085665504,1473000,54000,0.00104594570979805,0.000137033592553256,9.03351864576381e-06,9.80760282250761e-06
"455",1,1,1,0,1,0,0,0,0,1,0,0,0,0,0,0,0,0,0,1,0,0,1,0,0,1,1,0,0,0,6587905.330536,94077.91512976,1367000,6000,0.00106583053218662,0.000136463554645833,6.44350030121364e-06,1.32895525790208e-05
"456",1,1,1,1,1,0,0,0,1,0,0,0,0,0,0,0,0,0,1,0,0,0,1,0,0,1,1,0,1,1,6587948.2224496,97958.987850336,1476000,24000,0.00107205495473952,0.000132205751022612,7.03022035589616e-06,1.30407540543068e-05
"457",1,1,1,1,1,0,0,0,0,1,0,0,0,0,1,0,0,0,0,1,0,0,1,0,0,1,1,0,1,0,6588015.310536,97982.55512976,1423000,50000,0.00106320716184425,0.000136973014424745,8.00458506922468e-06,1.3121761795035e-05
"458",1,1,1,1,1,0,0,1,0,0,0,0,0,0,0,0,0,0,0,1,0,0,1,0,0,1,1,0,1,1,6588113.76824528,97962.3852783648,1437000,48000,0.00106392987231875,0.000137030577242248,7.60515716732217e-06,1.20800824290705e-05
"459",1,1,1,0,0,0,0,0,0,0,0,0,0,0,0,0,1,1,0,0,0,0,1,0,0,1,1,0,0,0,6588117.2919184,93054.1020538774,1614000,0,0.001,8.07373105486633e-05,5.0093639111125e-06,1.33646215386636e-05
"460",1,1,1,1,1,0,0,0,1,1,0,0,0,0,0,0,1,0,0,1,0,0,1,0,1,1,1,0,1,1,6588282.30136086,97926.4082469276,1610000,30000,0.00105274688930718,9.04924580351369e-05,6.99662189978987e-06,1.29460924183785e-05
"461",1,1,1,1,1,0,0,0,1,0,0,0,0,0,0,0,1,0,0,0,0,0,1,0,0,1,1,0,1,0,6588326.44238144,97967.3370507904,1566000,24000,0.00107368856005811,9.14460313500589e-05,9.03300270478407e-06,1.30386469604657e-05
"462",1,1,1,1,0,0,1,1,0,0,0,0,0,0,0,0,0,1,0,0,0,0,1,0,0,1,0,0,1,0,6588378.20507296,97217.361032847,1346000,120000,0.000959210740093741,0.000131229003004804,2.44192737834736e-05,1.11324966054583e-05
"463",1,1,1,1,1,0,0,0,0,1,0,0,0,0,0,0,0,0,1,0,0,0,1,1,0,1,1,0,1,1,6588428.66892571,97867.2844738286,1544000,6000,0.00106207191333305,0.000132325413570021,5.0421576318505e-06,1.28010576863147e-05
"464",1,1,1,1,1,0,0,1,0,1,0,0,0,0,0,0,1,0,0,0,0,0,1,0,1,1,1,0,1,0,6588566.73533028,97947.2477644648,1583000,54000,0.00104602787032537,9.14442769043817e-05,7.67774655005077e-06,1.19828953475825e-05
"465",1,1,1,1,0,0,0,1,1,0,0,0,0,0,0,0,1,0,1,0,0,0,1,0,0,1,0,0,1,0,6588641.8624496,97204.832650336,1450000,72000,0.000975853291384077,8.53196525074201e-05,3.08295533851239e-05,1.19590146688494e-05
"466",1,1,1,1,1,0,1,0,1,1,0,0,0,0,0,0,0,0,0,0,0,0,1,0,1,1,0,0,1,0,6588900.92848484,98205.8667434344,1259000,102000,0.00102947398684789,0.000138645674905708,2.37149650392451e-05,1.19844720337956e-05
"467",1,1,1,1,1,0,1,0,0,1,0,0,0,0,0,0,0,0,0,0,0,0,1,0,0,1,1,0,1,1,6589019.535536,97963.46002976,1424000,78000,0.00103800672616983,0.000137999278494953,7.83302332770861e-06,1.21996881355409e-05
"468",1,1,1,1,0,0,0,0,1,0,0,0,0,0,0,0,1,0,0,0,0,0,1,1,0,1,0,0,0,0,6589052.5602432,97210.614131712,1410000,24000,0.000991963944808208,9.11610760102985e-05,3.79682434174578e-05,1.28629321696725e-05
"469",1,1,1,1,0,0,1,0,0,0,0,0,0,0,0,0,1,0,0,0,0,1,1,1,0,1,0,0,1,0,6589084.74236578,96876.6502508948,1670000,72000,0.000975757826638039,9.13013232152897e-05,5.93777765028274e-06,1.05457686938555e-05
"470",1,1,1,1,1,0,0,0,0,0,0,0,0,0,0,0,1,0,0,0,0,1,1,0,0,1,0,0,1,1,6589131.1829548,97948.2667803013,1616000,0,0.00108002657175733,9.14433581154885e-05,9.42828661334257e-06,1.09689541245505e-05
"471",1,1,1,1,1,0,0,0,0,1,0,0,0,0,0,0,0,1,0,0,0,0,1,0,0,1,1,0,1,0,6589153.04507296,97975.057032847,1514000,6000,0.00106328141251218,0.000130245555854286,9.3756344557941e-06,1.31564665047094e-05
"472",1,1,1,1,0,0,1,0,1,0,0,0,0,0,0,0,1,0,0,0,0,0,1,1,0,1,1,0,1,0,6589191.03379242,96875.5285213839,1634000,96000,0.000967888252628856,9.13022414516685e-05,4.84406346459023e-06,1.1887460539195e-05
"473",1,1,1,1,0,0,0,0,0,0,0,0,0,0,0,0,0,1,1,0,0,1,1,1,0,1,0,0,1,0,6589276.84523482,96880.0047651012,1670000,0,0.001,0.000124821496424278,6.52035081036776e-06,1.06103783825808e-05
"474",1,1,1,1,1,0,0,0,1,0,0,0,0,0,0,0,0,0,0,1,0,1,1,0,1,1,0,0,1,0,6589431.82486627,97963.6111675582,1476000,24000,0.00107196303518092,0.000137033452174788,8.59274345492579e-06,1.07150136732342e-05
"475",1,1,1,1,1,0,0,1,0,1,0,0,0,0,0,0,0,0,1,0,0,0,1,0,0,1,1,0,1,1,6589551.9624496,97958.987850336,1476000,54000,0.00104601585309288,0.000132205751022612,7.58980985711402e-06,1.20401456641497e-05
"476",1,1,1,1,0,0,0,1,1,0,0,0,0,0,0,0,1,0,1,0,0,0,1,1,0,1,1,0,1,0,6589707.68777115,96871.161494859,1686000,72000,0.000975959449036963,8.55793007670981e-05,4.60126478766868e-06,1.17251945221319e-05
"477",1,1,1,1,0,0,0,1,1,0,0,0,0,0,0,0,0,0,0,0,0,0,1,0,0,1,1,1,1,0,6589744.95944694,96825.4332516871,1522000,72000,0.000976076250086936,0.000138445898716752,5.79757574567421e-06,1.19252262913609e-05
"478",1,1,1,0,1,0,0,0,0,1,0,0,0,0,0,0,0,0,0,1,0,0,1,0,0,1,1,0,0,1,6589790.78824528,94057.7452783648,1381000,6000,0.00106451511381004,0.000136492174724444,4.98720325672269e-06,1.32911157590845e-05
"479",1,1,1,1,1,0,0,0,1,1,0,0,0,0,0,0,0,0,0,1,0,0,1,0,0,1,0,0,1,0,6589869.330536,98224.85912976,1255000,30000,0.0010551008295451,0.000137651755696736,3.23525038226637e-05,1.30163314151726e-05
"480",1,1,1,1,0,0,0,0,0,0,0,0,0,0,0,0,0,0,0,0,0,1,1,1,0,1,0,1,1,0,6589889.05443008,96734.7480104662,1626000,0,0.001,0.000138437970186091,5.26121626003764e-06,1.05722065118862e-05
"481",1,1,1,1,1,0,0,0,0,1,0,0,0,0,0,0,0,0,0,1,0,1,1,1,1,1,0,0,1,0,6589980.90427725,97871.8026381516,1544000,6000,0.00106200746388656,0.000137021288919844,6.56798005847712e-06,1.05101620017606e-05
"482",1,1,1,1,1,0,0,0,0,0,0,0,0,0,0,0,0,0,0,0,0,0,1,0,1,1,0,0,1,0,6590062.08848484,98205.8667434344,1259000,0,0.00107982502440384,0.000138645674905708,3.2048631433777e-05,1.31238432211825e-05
"483",1,1,1,1,0,0,0,0,0,0,0,0,0,0,0,0,1,0,1,0,0,0,1,0,0,1,1,1,1,0,6590083.38200598,96804.6460932935,1730000,0,0.001,8.5478924685485e-05,6.77011047815964e-06,1.31956239084264e-05
"484",1,1,1,1,0,0,0,0,1,0,0,0,0,0,0,0,1,1,0,0,0,0,1,0,0,1,0,0,1,0,6590131.72507296,97200.709832847,1502000,24000,0.000991965819988939,8.33485430572524e-05,3.12189688917282e-05,1.30852959236295e-05
"485",1,1,1,1,1,0,0,0,0,1,0,0,0,0,0,0,1,0,1,1,0,0,1,0,1,1,1,0,1,0,6590175.23185315,97941.700720979,1648000,6000,0.00106196321100128,8.4678082746355e-05,8.05842416368175e-06,1.31031671012214e-05
"486",1,1,1,1,1,0,0,0,0,0,0,0,0,0,0,0,0,0,0,1,0,0,1,1,1,1,1,0,1,0,6590189.75750509,97870.679349966,1508000,0,0.00108001054911348,0.000137018270642243,5.174257896698e-06,1.2747578298752e-05
"487",1,1,1,1,0,0,1,1,0,0,0,0,0,0,0,0,1,0,0,0,0,1,1,0,0,1,0,0,1,0,6590192.2629548,96968.4587803013,1602000,120000,0.000959619408152791,9.13568983916047e-05,8.51400198295293e-06,9.77963505725081e-06
"488",1,1,1,1,0,0,0,1,0,0,0,0,0,0,0,0,1,0,0,0,0,0,1,1,0,1,1,0,0,0,6590365.00708864,96968.6463527424,1578000,48000,0.000983838660588793,9.13586082071839e-05,1.7310458414939e-05,1.17251076953368e-05
"489",1,1,1,1,0,0,0,1,0,0,0,0,0,0,0,0,0,1,1,0,0,1,1,0,0,1,0,0,1,0,6590400.13875872,96971.7081416086,1602000,48000,0.000983856897681091,0.000124707711819469,9.09296852373987e-06,9.84503197061214e-06
"490",1,1,1,1,1,0,0,0,1,0,0,0,0,0,0,0,0,0,0,1,0,1,1,0,0,1,0,0,1,0,6590851.43730816,97983.6784179456,1459000,24000,0.00107358671277113,0.00013700600185971,1.0470064419415e-05,1.08077722345552e-05
"491",1,1,1,1,1,0,0,1,1,1,0,0,0,0,0,0,0,0,0,0,0,0,1,0,1,1,1,0,1,1,6590898.64045442,97943.7763863039,1441000,78000,0.00103680376576867,0.000138006915164449,6.6120394299983e-06,1.18271021558925e-05
"492",1,1,1,1,1,0,0,0,1,1,0,0,0,0,0,0,0,0,1,0,0,1,1,0,1,1,0,0,1,0,6590922.8621706,97960.213852196,1515000,30000,0.00105405677113625,0.000132208787991738,8.54264532634827e-06,1.07123181565486e-05
"493",1,1,1,1,1,0,0,0,1,1,0,0,0,0,0,0,0,0,0,1,0,0,1,1,0,1,1,0,1,0,6591001.36194698,97890.7466003535,1491000,30000,0.00105547646855787,0.000136990797379582,6.36702222743256e-06,1.27882852295533e-05
"494",1,1,1,1,1,0,0,0,0,1,0,0,0,0,0,0,0,1,0,0,0,0,1,0,0,1,1,0,1,1,6591041.82507296,97954.865032847,1528000,6000,0.00106201641539665,0.000130251790544759,7.97634484681851e-06,1.31579417083311e-05
"495",1,1,1,1,1,0,0,1,0,1,0,0,0,0,0,0,0,0,0,1,0,1,1,0,1,1,0,0,1,0,6591088.42486627,97963.6111675582,1476000,54000,0.00104595215517266,0.000137033452174788,9.11744349779267e-06,9.75184441752822e-06
"496",1,1,1,1,1,0,0,0,1,0,0,0,0,0,0,0,0,0,1,0,0,0,1,0,1,1,1,0,1,0,6591131.71539844,97959.0905640104,1479000,24000,0.00107206326747865,0.000132205717253709,7.15025635512118e-06,1.29477205041613e-05
"497",1,1,1,1,0,0,0,0,1,0,0,0,0,0,0,0,1,1,0,0,0,0,1,1,0,1,1,0,1,0,6591213.32332938,96866.9335244708,1738000,24000,0.00099212769242947,8.34635965212784e-05,4.98852733348742e-06,1.28551013279813e-05
"498",1,1,1,1,1,0,0,1,0,0,0,0,0,0,0,0,0,0,0,1,0,0,1,0,1,1,1,0,1,0,6591297.27809411,97962.4878793726,1440000,48000,0.00106393818416148,0.000137030436865328,7.7250567386464e-06,1.19871551564275e-05
"499",1,1,1,1,1,0,0,0,0,1,0,0,0,0,1,0,0,0,0,0,0,0,1,0,0,1,1,0,1,1,6591326.354736,97963.46002976,1424000,50000,0.00106201097427709,0.000137019105030573,7.95016405847204e-06,1.31238516876704e-05
"500",1,1,1,1,1,0,1,0,0,0,0,0,0,0,0,0,0,0,0,0,0,0,1,0,0,1,0,0,1,1,6591330.595536,98205.76402976,1256000,72000,0.0010553782565996,0.000138645715325323,2.45973778865377e-05,1.22391038134723e-05
